MedInc,HouseAge,AveRooms,AveBedrms,Population,AveOccup,Latitude,Longitude,prediction
6.91356,23.0,6.296747967479675,1.1016260162601625,1486.0,5.1345528455284555,34.2,-118.62,3.170691361671817
4.98,11.0,5.500932835820896,1.0615671641791045,2728.0,4.326119402985074,35.62,-117.66,1.1797239390152567
8.57964,21.0,6.755244755244755,0.9300699300699301,860.0,5.111888111888112,33.61,-117.66,3.4841745367317194
4.11744,52.0,6.359908883826879,1.0501138952164009,1177.0,4.557858769931663,33.99,-118.03,2.1769720511243364
1.8031199999999998,10.0,3.326642335766423,1.0766423357664234,2176.0,6.75036496350365,33.75,-117.88,1.6222633990250215
5.8909199999999995,9.0,5.243243243243243,1.137214137214137,1591.0,5.623076923076923,37.39,-121.87,2.6819716296820877
4.41564,20.0,5.348017621145375,1.0418502202643172,1145.0,4.287444933920705,36.97,-122.05,2.294861753188327
5.25,15.0,5.373626373626373,1.0274725274725274,407.0,3.8016483516483515,34.86,-120.41,1.4811720069409606
3.09996,35.0,4.472906403940887,1.1133004926108374,667.0,5.585714285714285,34.1,-117.46,0.9592521948211616
5.10768,25.0,5.592105263157895,1.0855263157894737,4528.0,7.234586466165413,33.79,-117.81,2.072754272523683
12.08484,22.0,7.906818181818182,1.018181818181818,1252.0,4.837272727272727,32.85,-117.24,4.56890510886523
3.84672,7.0,5.564485981308411,1.0009345794392523,3567.0,5.667196261682243,34.12,-117.43,1.2309107874357987
7.235759999999999,23.0,6.874251497005988,1.0658682634730539,902.0,4.591017964071856,38.48,-122.72,3.149411632840978
2.14284,41.0,4.847184986595174,1.1662198391420913,1005.0,4.580428954423592,35.41,-119.03,0.43692327096349864
3.0953999999999997,42.0,3.933333333333333,1.1333333333333333,54.0,3.06,38.03,-122.14,1.2135375035759814
4.256279999999999,28.0,5.863013698630137,1.2100456621004567,628.0,4.874885844748858,38.02,-122.93,2.7220919794075504
5.0562,36.0,5.886363636363637,1.0340909090909092,974.0,6.2719696969696965,33.87,-118.2,1.886148963989822
2.60184,35.0,5.26,1.0075,1060.0,4.505,38.76,-120.67,1.1622063225440356
7.145639999999999,18.0,6.5473251028806585,1.102880658436214,547.0,3.8267489711934157,32.95,-117.24,3.3447710259654975
3.83772,24.0,4.197947214076247,1.0762463343108504,1583.0,3.945894428152493,38.11,-122.57,1.885942795128936
7.78956,28.0,6.8975069252077565,0.9556786703601108,948.0,4.464265927977839,37.36,-122.03,4.236411101985181
1.94208,52.0,2.17039586919105,1.0602409638554218,2309.0,6.756110154905335,34.06,-118.28,1.973543707670584
3.7962,34.0,5.767650834403081,1.0757381258023107,2335.0,5.095635430038511,34.52,-117.3,0.7742828525546455
6.69144,17.0,10.359649122807017,2.3771929824561404,248.0,3.6982456140350877,34.17,-117.13,2.6148156152363855
6.97812,6.0,6.402616279069767,1.0421511627906976,2071.0,5.117296511627907,37.58,-122.0,3.561720767072349
4.242,31.0,5.254237288135593,1.11864406779661,719.0,5.179237288135593,37.54,-122.02,2.058290793420066
6.71028,17.0,5.994227994227995,1.0663780663780664,2149.0,5.271717171717172,37.08,-122.0,3.2181626091516518
15.275519999999998,27.0,7.992603550295858,1.0650887573964498,3511.0,4.414718934911242,34.11,-118.43,4.770697599411686
7.76136,21.0,7.325490196078431,1.0509803921568628,522.0,3.4799999999999995,34.71,-120.45,3.2055933549172093
3.6176399999999997,17.0,4.3626168224299064,1.0037383177570094,1662.0,5.281121495327103,33.87,-117.99,1.5700350215511458
4.237559999999999,15.0,5.306425041186161,1.085667215815486,1390.0,3.8929159802306423,34.27,-118.67,1.8293083027884842
3.3287999999999998,22.0,5.114023591087811,1.1074705111402359,1870.0,4.166448230668414,38.61,-121.32,1.0706401111455506
7.435199999999999,25.0,6.741935483870968,1.0120967741935485,1483.0,5.082862903225806,34.25,-119.03,3.3175709613142668
5.79648,25.0,6.46455223880597,1.0559701492537314,1722.0,5.461567164179104,34.12,-117.84,2.419535675761392
2.775,44.0,4.399491094147582,1.0534351145038168,1240.0,5.363867684478372,37.78,-122.21,1.398890496244641
2.21256,45.0,4.9963503649635035,1.281021897810219,1046.0,6.48978102189781,34.12,-117.29,0.7434222279739985
4.56,31.0,4.791744840525328,0.9662288930581614,1507.0,4.80656660412758,38.25,-122.64,2.4001904630372195
1.51872,17.0,6.466666666666667,1.6,29.0,3.2866666666666666,33.92,-114.67,0.2102089566362321
5.015159999999999,35.0,5.497164461247637,1.1247637051039698,1068.0,3.4321361058601134,32.82,-117.27,2.604814104568182
2.5714799999999998,52.0,5.502923976608187,1.0760233918128654,414.0,4.11578947368421,37.98,-121.28,0.7809415650248248
10.14552,46.0,8.537931034482758,1.013793103448276,377.0,4.42,34.13,-118.08,4.764426996365317
2.82996,21.0,5.206896551724138,1.2727272727272727,789.0,4.204702194357367,38.77,-120.58,1.023883283428811
8.18376,30.0,5.825174825174825,1.1468531468531469,358.0,4.255944055944055,37.85,-122.62,4.808267164697595
3.06672,24.0,4.864904552129222,1.1292217327459617,1631.0,4.071512481644641,38.66,-121.35,0.9622635792341799
2.66928,36.0,3.2302631578947367,1.1239035087719298,2542.0,4.7383771929824565,34.13,-118.25,1.8221256003186783
5.7,37.0,5.235632183908046,0.9454022988505747,845.0,4.12787356321839,37.33,-121.94,2.5361235094927137
2.1829199999999997,36.0,4.227665706051873,1.063400576368876,1247.0,6.109221902017291,33.93,-118.27,1.0083029744328644
2.7516000000000003,49.0,5.365296803652968,0.9908675799086758,859.0,6.668036529680365,37.79,-122.23,1.629761262003639
5.63964,17.0,5.7786391042205,1.0318690783807063,3954.0,5.789664082687339,34.12,-117.61,1.8524112442551033
2.4645599999999996,34.0,4.233986928104575,1.05359477124183,2331.0,5.18,34.04,-118.36,1.8206500262999088
4.08336,32.0,3.075892857142857,1.0982142857142858,1202.0,4.561160714285714,33.84,-117.95,1.5372389105364357
3.06624,34.0,5.075851393188855,1.105263157894737,1397.0,3.6763157894736844,35.37,-120.84,1.4647066856706814
3.2641199999999997,17.0,5.626118067978533,1.110912343470483,1432.0,4.354919499105545,38.75,-120.63,1.2343564653141348
1.95204,23.0,4.263586956521739,1.125,1031.0,4.762771739130435,38.42,-122.71,2.0030053593411936
3.68568,31.0,4.231378763866878,1.0491283676703644,1535.0,4.135499207606973,34.04,-118.44,2.2557533818263065
3.5476799999999997,34.0,4.052048726467331,0.9933554817275747,2479.0,4.666998892580288,37.67,-122.1,1.6437700824454626
3.1485600000000002,25.0,3.7659783677482794,1.0865290068829891,2328.0,3.891445427728613,34.18,-118.43,1.7673884727505247
3.5911199999999996,9.0,5.599353796445881,1.0872374798061388,2356.0,6.47043618739903,35.65,-120.64,1.672877412015239
3.6906,32.0,4.623067776456599,0.9833531510107015,3868.0,7.818787158145065,32.77,-117.06,1.4617769472157316
2.47092,15.0,4.840046029919447,1.0609896432681243,1863.0,3.6445339470655926,41.74,-122.61,0.8724076155567302
3.0204,30.0,4.4987593052109185,1.034739454094293,1577.0,3.326178660049628,38.63,-121.4,0.9052170582941148
4.73568,20.0,7.644329896907217,1.2835051546391754,660.0,5.783505154639175,34.05,-117.49,2.1111291107646735
4.10244,17.0,10.053140096618357,2.3357487922705316,889.0,3.65048309178744,39.01,-122.75,1.351482711268176
6.25536,49.0,5.781021897810219,0.9927007299270073,331.0,4.107299270072993,36.97,-122.04,2.962336686758064
2.87328,48.0,3.729096989966555,0.9916387959866221,2419.0,6.87675585284281,34.02,-118.2,1.4674059944535942
6.372839999999999,35.0,6.252199413489736,1.0791788856304985,1128.0,5.623460410557185,34.28,-118.48,3.0341892778492516
1.64544,37.0,6.698863636363637,1.6022727272727273,354.0,3.4193181818181815,38.48,-123.01,1.3216608180275928
2.7577199999999995,35.0,4.654589371980676,0.9323671497584541,1371.0,5.629710144927536,35.78,-119.25,0.5733639429679215
2.57652,26.0,4.52924791086351,1.0445682451253482,1580.0,7.481894150417827,34.38,-119.86,1.7702767993691866
4.827240000000001,26.0,5.889655172413793,1.0310344827586206,911.0,5.340344827586207,38.72,-121.47,1.5010617101103694
9.1416,5.0,7.0471464019851116,1.0,1363.0,5.749627791563275,33.54,-117.68,4.314697466575058
3.8769599999999995,34.0,4.595907928388747,1.1713554987212276,775.0,3.369565217391304,33.05,-117.3,2.0633007046247855
7.12536,15.0,7.572769953051643,0.9530516431924883,673.0,5.371361502347418,37.35,-120.43,2.254012939310509
4.0038,20.0,5.782527881040892,1.046468401486989,1453.0,4.591263940520446,34.02,-117.08,1.0970157773873863
2.8962,36.0,5.364795918367347,0.9948979591836735,1279.0,5.546683673469388,32.7,-117.08,1.0629622374616117
2.74416,17.0,5.6,1.0735042735042735,3546.0,10.304615384615383,41.81,-124.15,1.3876884990169307
3.86916,20.0,4.936758893280633,1.0790513833992095,1185.0,3.9812252964426875,38.65,-121.35,1.1106963994468657
2.7203999999999997,17.0,5.5271149674620395,1.1648590021691974,1118.0,4.122776572668113,40.89,-121.67,0.795338578597971
2.34588,24.0,3.7520858164481528,1.0822407628128725,2850.0,5.774731823599523,34.2,-118.42,1.7039077801731004
5.1,43.0,6.0814814814814815,1.1037037037037036,370.0,4.65925925925926,37.37,-121.83,2.129964708900993
7.127879999999999,10.0,6.0364238410596025,1.0485651214128036,3083.0,5.784878587196467,37.3,-121.79,3.210834749358153
4.2,37.0,4.635036496350365,0.9927007299270073,1092.0,6.775182481751824,33.98,-118.09,1.6267806787678616
3.7671599999999996,14.0,6.31079478054567,1.1553973902728352,1947.0,3.9263345195729533,33.97,-116.95,1.1813041535831923
3.8875199999999994,33.0,5.46,1.076,825.0,5.609999999999999,32.85,-115.57,0.8460516256191892
5.475,46.0,4.845138055222089,1.027611044417767,1872.0,3.8204081632653057,37.97,-122.59,2.7785639308098062
5.325,24.0,5.791304347826087,1.0956521739130434,625.0,4.619565217391305,33.89,-117.96,2.0640486989671727
1.70328,10.0,4.108860759493671,1.0354430379746835,988.0,4.252151898734177,36.33,-119.66,0.5022609957544861
3.6651599999999998,23.0,4.584245076586433,1.1728665207877462,1858.0,6.911597374179431,36.33,-121.23,1.528322940411165
3.0385199999999997,37.0,4.344827586206897,1.030852994555354,2499.0,7.71016333938294,33.89,-118.2,1.403265283107684
6.7401599999999995,13.0,6.727524204702628,1.008298755186722,2780.0,6.536652835408022,34.02,-117.63,2.55593006473469
3.3042,24.0,3.2184412733260155,1.048298572996707,5516.0,10.29330406147091,33.74,-117.9,1.518416452676906
3.20712,33.0,5.032154340836013,1.2540192926045015,759.0,4.148874598070739,38.51,-123.0,1.513653370707214
2.43216,17.0,6.190082644628099,1.3677685950413223,574.0,4.032231404958678,40.67,-122.95,0.9326822153118104
2.58288,36.0,3.653120464441219,1.2220609579100146,2446.0,6.035123367198839,34.09,-118.31,1.9635113021700146
8.69076,52.0,7.875,1.5,47.0,9.987499999999999,33.89,-118.17,3.2358210617752157
5.28,18.0,5.606132075471698,0.9764150943396226,1359.0,5.448820754716981,36.28,-119.16,1.2234564991071724
5.31348,32.0,4.671945701357466,0.9909502262443439,1075.0,4.134615384615384,33.93,-118.14,1.8376528208877692
5.432639999999999,18.0,6.1943231441048034,1.1397379912663756,1454.0,5.396943231441048,36.81,-121.69,2.772271804640057
2.85444,21.0,4.565340909090909,1.0113636363636365,834.0,4.027840909090909,38.29,-122.32,1.3215795685121314
3.2799599999999995,38.0,3.9209621993127146,1.1443298969072164,1028.0,6.005498281786942,37.36,-121.9,1.9166025014851873
1.7793599999999998,21.0,3.697132616487455,1.0913978494623655,1686.0,5.136559139784946,32.75,-117.1,0.9154272875672405
8.9028,41.0,6.725165562913907,0.9735099337748344,859.0,4.8354304635761585,34.2,-118.19,4.644488192636274
3.34284,36.0,4.894230769230769,1.3685897435897436,710.0,3.868589743589743,32.78,-117.25,2.1801789882713583
2.30172,17.0,4.674329501915709,1.053639846743295,800.0,5.2107279693486594,40.58,-122.36,1.4344371665155113
2.6138399999999997,29.0,5.3261455525606465,1.196765498652291,1254.0,5.746091644204852,33.88,-118.21,1.400995706341327
2.97432,14.0,4.371014492753623,1.0057971014492753,1679.0,8.273333333333332,36.49,-120.22,0.9436685298012124
2.0142,12.0,4.485285101164929,1.011036174126303,7517.0,3.917504598405886,39.74,-121.88,1.2053976093919416
7.9894799999999995,9.0,5.659528907922912,0.9400428265524625,1105.0,4.022483940042827,37.97,-122.08,3.392825427430746
7.222799999999999,22.0,6.41696113074205,0.950530035335689,1968.0,5.9109540636042395,34.0,-117.98,3.43195017061961
3.1278,19.0,5.648175182481752,1.294890510948905,2086.0,5.1769343065693425,38.74,-121.27,1.159875755122867
2.3282399999999996,46.0,4.9900249376558605,1.0673316708229426,1384.0,5.867331670822942,37.95,-121.25,0.6671284532779006
2.34132,11.0,4.816326530612245,1.1484230055658626,1765.0,5.566790352504638,36.85,-119.79,0.5289778472433535
1.3499999999999999,20.0,5.469387755102041,1.5918367346938775,77.0,2.6714285714285713,37.94,-121.23,0.8981542373530613
4.005,32.0,4.053864168618267,0.9672131147540983,1569.0,6.246604215456674,32.79,-117.16,1.4375281044527195
3.6365999999999996,19.0,4.215932914046122,1.0220125786163523,2334.0,4.159119496855346,33.73,-117.81,1.6321517263001253
2.55408,27.0,4.420673076923077,1.0625,2010.0,8.213942307692307,37.96,-121.34,0.8407676610578458
3.966,35.0,3.630952380952381,0.9563492063492064,1153.0,7.778174603174603,33.92,-118.19,1.462176952719047
5.28756,9.0,4.564426877470356,1.0434782608695652,3086.0,4.147193675889328,33.63,-117.67,1.63961675033194
4.43436,14.0,4.877419354838709,0.9096774193548387,424.0,4.650322580645161,38.66,-121.36,1.0762430816532333
8.3748,17.0,6.7057057057057055,0.960960960960961,2166.0,5.5288288288288285,33.67,-117.97,3.5855726207234504
4.5,26.0,4.5,1.0,8.0,3.4,37.39,-122.06,2.8370631050951625
3.53004,39.0,4.0817843866171,1.0817843866171004,1165.0,3.6812267657992566,34.1,-118.29,1.7724654336543462
3.05004,30.0,5.086021505376344,1.1720430107526882,242.0,4.423655913978495,38.01,-120.37,0.9447814583477744
2.72676,36.0,5.071161048689139,0.9662921348314607,771.0,4.908988764044944,38.67,-121.37,0.8053515155121791
5.26932,21.0,5.976027397260274,0.910958904109589,837.0,4.872945205479452,36.35,-119.65,1.3115125201956384
2.3307599999999997,22.0,2.6218487394957983,0.8991596638655462,583.0,8.32857142857143,33.9,-118.22,1.238918514967309
4.23456,42.0,5.31960049937578,1.048689138576779,2013.0,4.272284644194757,36.66,-121.65,2.093723282865226
3.40536,25.0,4.099778270509978,1.1485587583148558,1498.0,5.646563192904656,33.96,-118.36,1.7908515191846617
7.11996,17.0,6.917748917748917,0.961038961038961,1581.0,5.817532467532468,33.95,-117.55,2.5929859625094775
1.1035199999999998,52.0,1.550408719346049,1.103542234332425,509.0,2.357765667574932,38.58,-121.49,1.4023889072765396
1.8106799999999998,47.0,3.9046153846153846,0.9938461538461538,1628.0,8.515692307692309,34.01,-118.26,1.370904143796821
1.65,25.0,3.857142857142857,0.9518272425249169,2185.0,6.1702657807308965,32.67,-115.49,0.7718611768624127
6.84588,9.0,6.6995708154506435,1.0858369098712446,731.0,5.333476394849786,34.66,-118.17,2.5450754120610366
7.708559999999999,24.0,7.176570458404075,1.0882852292020373,1605.0,4.632427843803056,33.66,-117.82,3.500566565058332
4.599959999999999,15.0,9.053571428571429,1.75,918.0,4.644642857142857,38.89,-120.03,1.5261692055509142
2.6710800000000003,24.0,3.1024,1.0432,1808.0,4.9177599999999995,37.31,-121.86,1.4694909734313364
1.2515999999999998,36.0,4.320588235294117,1.1764705882352942,1271.0,6.3549999999999995,32.69,-117.13,1.2573387817066728
8.68452,10.0,9.53211009174312,1.5963302752293578,317.0,4.944036697247706,34.22,-117.15,3.543204774073785
3.7910399999999997,33.0,5.495103373231774,1.0489662676822633,2293.0,4.241675734494016,35.15,-119.45,1.2147947717165584
6.255719999999999,5.0,4.898805340829234,1.0182712579058328,3521.0,4.2063949402670415,33.87,-117.83,2.272187735292324
3.04668,47.0,5.346072186836518,1.0636942675159236,1308.0,4.721019108280254,38.54,-121.44,1.0592015737562401
3.2577599999999998,42.0,4.222052067381317,1.0918836140888208,2112.0,5.498315467075038,34.17,-118.14,1.6195213136728293
4.30716,46.0,5.3457330415754925,1.0415754923413567,939.0,3.4929978118161924,38.57,-121.43,1.0370225134499613
2.5061999999999998,35.0,4.812064965197216,1.1067285382830627,1687.0,6.654060324825986,37.62,-121.01,0.8772463748785996
2.2962,16.0,4.833333333333333,1.1136363636363635,380.0,4.893939393939394,37.36,-120.61,0.8214377477724678
5.082839999999999,11.0,4.863945578231292,0.9931972789115646,921.0,5.325510204081633,33.14,-117.08,1.5326793092926478
4.32,24.0,5.351648351648351,0.9945054945054945,1286.0,6.006043956043956,34.07,-117.71,1.3222783789321597
7.76352,10.0,7.217391304347826,0.9710144927536232,1700.0,5.98343685300207,32.97,-117.13,3.066047222753486
8.97804,41.0,6.813901345291479,1.0807174887892377,973.0,3.7087443946188343,34.14,-118.16,4.672353999212374
6.52632,33.0,6.178343949044586,1.0414012738853504,877.0,4.748089171974522,37.28,-121.96,3.2113266514576106
4.08528,48.0,5.093085106382978,0.925531914893617,1060.0,4.792553191489361,33.97,-117.39,1.1372623520634617
3.08844,46.0,5.528795811518324,1.219895287958115,1249.0,5.558376963350785,38.02,-121.88,1.315475280570011
4.55892,21.0,4.907407407407407,1.0061728395061729,414.0,4.344444444444444,38.37,-122.78,2.395367495144785
2.46564,34.0,3.1375212224108657,1.132427843803056,1351.0,3.899320882852292,34.06,-118.31,2.0844920564895015
3.10104,7.0,4.977832512315271,1.0862068965517242,1615.0,6.76231527093596,38.03,-121.29,1.0205752622052544
4.30908,35.0,4.047058823529412,0.9905882352941177,1452.0,5.808,37.69,-122.47,2.724787366791636
5.1345600000000005,23.0,5.767352185089974,0.9691516709511568,2609.0,5.700899742930591,33.9,-117.44,1.5618785785642673
5.49228,35.0,5.711267605633803,1.0633802816901408,845.0,5.058098591549296,33.93,-118.1,2.0694734227150753
4.5203999999999995,35.0,4.9786476868327405,0.9750889679715302,695.0,4.204626334519573,32.77,-117.17,1.4347063675142138
1.6894799999999999,30.0,4.47119341563786,1.1522633744855968,1509.0,5.278395061728395,34.11,-117.25,0.7658849532024318
1.6818,35.0,4.098591549295775,0.9753521126760564,992.0,5.938028169014084,35.35,-119.0,0.41855089212330987
2.9304,30.0,5.102915951972555,1.0874785591766725,1367.0,3.9861063464837048,40.77,-124.19,1.0456107303064783
6.12288,28.0,5.210743801652892,0.9628099173553719,609.0,4.278099173553719,33.46,-117.66,2.3359328148128067
5.534999999999999,41.0,6.022471910112359,1.0074906367041199,676.0,4.3041198501872655,37.53,-122.31,3.1384784652117195
2.3600399999999997,44.0,4.866197183098592,1.091549295774648,613.0,7.338732394366197,34.04,-118.17,1.3608531476737922
6.9771600000000005,45.0,5.17490494296578,0.9581749049429658,581.0,3.7555133079847907,33.96,-118.39,3.6546032452502177
3.1152,23.0,5.247844827586207,1.0398706896551724,2717.0,4.977262931034483,35.32,-119.01,0.8552730387683936
6.2496,46.0,6.09480122324159,1.235474006116208,850.0,4.418960244648318,37.11,-122.11,2.8574248883825306
5.08128,33.0,4.930084745762712,1.0148305084745763,1166.0,4.19957627118644,34.2,-118.51,1.8001551556370903
5.68332,44.0,5.518987341772152,1.1265822784810127,783.0,5.616455696202531,33.88,-118.18,2.275491989738377
3.41544,36.0,5.671348314606742,1.0365168539325842,878.0,4.192696629213483,38.58,-121.39,1.097896844845548
4.49172,19.0,6.240208877284595,1.1240208877284594,3043.0,6.753394255874674,33.93,-117.46,1.4029530481103805
4.80432,13.0,5.84393063583815,1.0404624277456647,1363.0,4.464547206165704,38.63,-121.34,1.4148715517573747
7.30608,33.0,5.819148936170213,1.0070921985815602,659.0,3.972695035460993,37.41,-122.11,4.109965794082504
2.36724,19.0,4.956386292834891,0.9813084112149533,1741.0,4.6101246105919005,40.17,-122.25,1.8176098009191957
5.49768,24.0,5.796812749003984,1.0677290836653386,2663.0,6.012084993359894,33.71,-117.89,2.116461919020405
5.07444,32.0,3.974609375,1.015625,934.0,3.101171875,33.74,-118.1,2.2062272571368613
2.36256,31.0,4.10801393728223,1.0104529616724738,2302.0,6.817770034843206,35.23,-118.82,0.8943875048307194
3.4593599999999998,26.0,5.290617848970252,1.2013729977116705,1273.0,4.952173913043478,33.76,-117.85,1.7007694260317565
2.41944,28.0,3.6154639175257732,0.9989690721649485,3740.0,6.554639175257732,33.96,-118.19,1.535831786707615
2.83692,30.0,3.9642058165548097,1.1185682326621924,1389.0,5.28255033557047,32.74,-117.1,1.1512604995023006
2.18496,19.0,5.426997245179064,1.18732782369146,1166.0,5.46060606060606,41.09,-123.72,1.1024762671185042
2.4368399999999997,32.0,3.467716535433071,1.0614173228346457,2178.0,5.830866141732283,34.09,-118.3,1.6898762755829297
3.07176,16.0,5.117808219178082,1.0424657534246575,1942.0,4.522465753424657,37.07,-120.83,1.0320687047491541
5.16672,30.0,5.036931818181818,1.0113636363636365,905.0,4.370738636363636,33.81,-118.31,2.2776866532402664
3.8289599999999995,52.0,5.0,1.0141843971631206,879.0,5.298936170212766,37.71,-122.43,2.8761456726890424
6.61224,7.0,7.3541543901001765,1.1467295226870948,5102.0,5.11101944608132,33.0,-116.78,3.0426648906481426
10.31256,43.0,7.559686888454012,1.050880626223092,1398.0,4.650880626223092,34.04,-118.4,4.581658950653354
9.43524,24.0,7.1451149425287355,1.0186781609195403,1692.0,4.132758620689655,37.26,-122.04,4.619491304188833
2.18748,17.0,4.903345724907063,1.174721189591078,384.0,2.4267657992565055,37.99,-122.06,1.2608728661654693
4.2352799999999995,12.0,14.113821138211382,2.861788617886179,330.0,4.560975609756098,37.8,-119.07,1.368427982615553
6.65064,32.0,5.123595505617978,1.0299625468164795,1279.0,4.071722846441948,33.66,-117.89,2.907548759161518
4.1517599999999995,11.0,5.588410104011887,1.0029717682020802,2374.0,5.996731054977712,37.0,-120.09,1.0954504239367653
5.345400000000001,21.0,5.8375,1.153125,2021.0,5.36828125,34.02,-117.49,1.7789075524889866
6.273599999999999,16.0,6.569451309935739,1.0192782995551162,6931.0,5.824369747899159,33.97,-117.72,2.448766754076113
1.10724,11.0,37.0,8.20754716981132,113.0,3.6245283018867926,38.9,-120.3,1.4604922321740408
5.4249600000000004,33.0,5.510548523206751,1.0928270042194093,762.0,5.465822784810126,37.26,-121.92,2.2478699334291243
9.2676,36.0,6.3438985736925515,1.0253565768621236,1337.0,3.602060221870048,34.13,-118.16,4.758485242299914
5.42004,26.0,5.2593856655290105,0.9778156996587031,1590.0,4.612627986348123,34.23,-118.5,1.909602974669496
6.08388,25.0,5.293361884368308,0.9635974304068522,1301.0,4.735974304068523,33.73,-118.05,2.182280163568102
4.05,47.0,4.473684210526316,0.943609022556391,540.0,3.4511278195488724,37.72,-122.15,1.457988890147509
6.60732,17.0,6.923128792987188,1.1348617666891436,4956.0,5.681186783546864,34.46,-118.5,3.2237136136431386
2.6938799999999996,30.0,7.508038585209003,1.167202572347267,1214.0,6.636012861736335,34.13,-117.33,1.4379824417987297
6.0234,19.0,6.0234657039711195,1.01985559566787,1646.0,5.050902527075812,33.18,-117.24,2.2381789252522397
1.29612,28.0,3.2296918767507004,1.1764705882352942,1043.0,4.966666666666666,37.62,-121.0,1.0005225488868048
14.01996,21.0,8.497635933806146,1.033096926713948,2440.0,4.90307328605201,37.56,-122.37,5.318344008118618
9.50244,3.0,6.31275720164609,1.0164609053497942,1357.0,4.746707818930041,33.68,-117.82,4.187561897394702
5.44416,18.0,4.027256208358571,1.03694730466384,3604.0,3.7109630526953357,37.34,-121.98,2.4644257830789926
5.94048,5.0,5.63010752688172,1.0365591397849463,4361.0,5.314480286738351,38.13,-122.19,2.372461891427448
4.1046,36.0,5.735384615384615,1.0184615384615385,1052.0,5.50276923076923,35.4,-118.98,0.9873353535251116
4.907159999999999,16.0,4.6104651162790695,1.0959302325581395,625.0,3.0886627906976742,34.15,-118.34,2.331218224639349
7.303439999999999,9.0,6.379166666666666,1.0083333333333333,850.0,6.020833333333333,32.97,-117.11,2.927868884179796
5.4444,39.0,5.711811023622047,1.0488188976377952,1531.0,4.098740157480314,37.3,-121.9,2.3485648520857207
3.62148,42.0,3.7574626865671643,1.0335820895522387,1060.0,6.723880597014926,34.01,-118.14,1.498106048623476
4.0274399999999995,40.0,4.6567567567567565,1.0,1221.0,5.609999999999999,33.98,-118.06,1.5979866359025552
2.3647199999999997,41.0,3.891992551210428,0.9869646182495344,2043.0,6.467597765363128,34.09,-118.19,1.5746222180512472
3.6093599999999997,26.0,5.184065934065934,1.0467032967032968,1060.0,4.95054945054945,38.33,-122.7,1.9445213230010885
3.34284,21.0,6.132553606237817,1.1598440545808968,1580.0,5.235867446393762,36.35,-119.09,1.1417089449750415
3.3158399999999997,16.0,3.3058510638297873,0.9707446808510638,1925.0,8.70345744680851,33.74,-117.87,1.4503675413039168
3.1038,47.0,4.681818181818182,1.0419580419580419,794.0,4.71958041958042,38.12,-122.25,1.967969506350861
1.8512399999999998,28.0,4.487394957983193,1.2079831932773109,1799.0,6.425,33.95,-118.25,1.1180216018099534
3.6375599999999997,18.0,5.304239401496259,1.1047381546134662,1168.0,4.951620947630923,34.88,-117.02,0.589999176101337
18.00012,48.0,8.845161290322581,1.0580645161290323,528.0,5.790967741935483,34.19,-118.18,4.608323795195242
5.76816,46.0,5.4638783269961975,1.0114068441064639,607.0,3.923574144486692,37.55,-122.32,3.207499997683258
1.58124,30.0,4.268135904499541,1.1496786042240588,2524.0,3.9401285583103762,38.58,-121.54,0.7316869389512125
5.61672,36.0,6.716012084592145,1.0906344410876132,942.0,4.838066465256798,34.03,-117.19,1.6061853640685917
2.5299599999999995,20.0,4.2041467304625195,1.10207336523126,1142.0,3.0963317384370015,37.96,-122.03,1.3467620854049835
10.86228,21.0,7.432291666666667,1.0104166666666667,1443.0,4.258854166666667,33.6,-117.84,4.842418857009387
1.4118000000000002,36.0,5.327044025157233,1.3333333333333333,567.0,6.062264150943395,37.74,-122.19,1.4179147858766459
3.0599999999999996,52.0,6.008771929824562,1.131578947368421,617.0,4.600438596491228,39.15,-123.21,1.38060888907035
3.8863199999999996,13.0,3.537142857142857,1.0895238095238096,838.0,2.7135238095238092,33.7,-117.89,2.0298158382654106
2.75004,19.0,5.695652173913044,1.423913043478261,493.0,4.554891304347826,39.12,-120.69,1.0718779945746673
4.4394,38.0,5.288503253796096,0.9587852494577006,1308.0,4.823427331887201,34.1,-118.06,1.838410885184123
3.27408,26.0,6.004901960784314,0.9754901960784313,717.0,5.975,33.98,-117.6,1.3301816635483064
5.439959999999999,21.0,4.95970695970696,1.0586080586080586,639.0,3.979120879120879,37.25,-121.93,2.301899198036175
2.6454,41.0,5.122222222222222,1.1888888888888889,284.0,5.364444444444444,39.48,-121.55,0.7422385891386718
2.592,29.0,4.958456973293768,1.0919881305637982,821.0,4.141543026706231,35.04,-118.15,0.7744578561700334
3.9542399999999995,30.0,4.972924187725631,1.0776173285198556,1519.0,4.661191335740072,36.61,-121.91,2.010091589895135
2.784,23.0,4.206989247311828,1.0470430107526882,2472.0,5.648387096774194,32.74,-117.09,1.179943153244991
4.70628,35.0,4.888586956521739,0.9320652173913043,1239.0,5.723641304347826,33.77,-117.89,1.7050611089604504
4.828079999999999,38.0,4.9245283018867925,1.0,981.0,5.244339622641509,33.9,-118.26,1.5572498921856293
1.89,43.0,3.987138263665595,1.0032154340836013,1100.0,6.012861736334405,33.98,-118.28,1.0113824356868986
3.8689199999999997,28.0,4.188376753507014,1.139612558450234,2549.0,2.8946559786239145,34.15,-118.43,2.436183888555952
7.062600000000001,18.0,6.535809018567639,1.0251989389920424,2952.0,6.655702917771883,33.87,-118.05,3.232416209025277
7.3092,20.0,7.229166666666667,1.0208333333333333,1319.0,5.190509259259259,33.69,-117.96,3.373790788874495
3.70944,21.0,5.225127087872186,1.028322440087146,3927.0,4.848148148148148,38.26,-122.05,1.3744104838129247
3.32496,43.0,3.772200772200772,1.027027027027027,1084.0,7.115057915057914,34.05,-118.19,1.6172315462662283
4.1893199999999995,6.0,7.593360995850622,1.3402489626556016,1243.0,4.384024896265561,35.08,-118.61,1.632164768366541
4.38336,34.0,6.640449438202247,1.5617977528089888,327.0,6.246067415730336,32.82,-115.32,0.8490032616327655
4.75908,40.0,5.324427480916031,1.0877862595419847,610.0,3.958015267175573,34.04,-118.48,2.4205424808610654
18.00012,37.0,8.659574468085106,1.425531914893617,100.0,3.6170212765957444,34.1,-118.37,4.568698148275253
2.53332,44.0,4.029411764705882,0.875,435.0,5.4375,37.73,-122.18,1.7779157508453254
1.7676,35.0,3.0697674418604652,1.0734883720930233,3120.0,4.933953488372093,37.33,-121.88,2.051496414779203
2.43408,52.0,4.511904761904762,1.132936507936508,1167.0,3.9363095238095243,33.98,-117.38,0.8635548638879407
2.6723999999999997,30.0,3.7037037037037037,1.0980392156862746,1719.0,6.366666666666666,34.06,-117.76,1.1070916435914513
7.0656,13.0,5.922448979591837,1.0938775510204082,1125.0,3.903061224489796,33.67,-118.01,3.4683544958388977
2.3234399999999997,17.0,4.397831526271894,0.981651376146789,2446.0,3.4680567139282736,39.77,-121.85,0.8681713508299284
3.5049599999999996,28.0,5.415094339622642,1.099056603773585,521.0,4.177830188679246,36.04,-118.92,0.9374506199915293
5.499960000000001,36.0,5.627450980392157,1.0374331550802138,1842.0,5.581818181818181,33.77,-117.93,1.8951038620826683
2.65584,46.0,4.687344913151365,0.967741935483871,971.0,4.096029776674937,36.51,-119.55,0.5659837997655259
3.47688,26.0,3.9512670565302144,1.0896686159844056,1545.0,5.119883040935672,34.2,-118.48,1.7488873795249429
5.01816,22.0,4.426056338028169,1.0651408450704225,1225.0,3.6663732394366195,33.93,-118.41,2.1199638043617135
4.38192,20.0,5.757225433526012,1.0491329479768785,889.0,4.367919075144509,38.67,-121.29,1.3375576603838457
5.4500399999999996,25.0,5.065868263473054,0.9860279441117764,1185.0,4.020958083832335,37.65,-122.1,1.8942703452848986
2.7369600000000003,12.0,3.4936608557844693,1.1101426307448494,3068.0,4.132805071315373,33.77,-118.17,1.5071917062990456
7.341959999999999,19.0,7.013274336283186,0.9823008849557522,1344.0,5.054867256637168,38.66,-121.26,2.811932757720101
4.03128,28.0,5.729903536977492,1.0739549839228295,873.0,4.772025723472669,40.2,-122.17,1.2869932568483813
3.36084,45.0,4.113149847094801,1.0886850152905199,749.0,3.8938837920489298,34.15,-118.09,1.836265981086766
5.82996,28.0,5.983333333333333,0.9703703703703703,1665.0,5.241666666666667,34.28,-119.19,2.594952232944719
5.87808,31.0,4.492690058479532,0.9853801169590644,1486.0,3.6932748538011695,34.18,-118.49,2.432365109791723
3.08328,42.0,6.097922848664688,1.2551928783382789,2147.0,5.415281899109792,37.74,-122.39,2.493600791488759
3.58128,36.0,3.5828571428571427,1.0114285714285713,834.0,8.101714285714285,33.98,-118.17,1.4779050742010553
4.9182,32.0,5.744394618834081,1.100896860986547,1222.0,4.657847533632287,33.94,-117.98,1.9411151340326123
3.102,19.0,3.7225563909774437,1.0578947368421052,7307.0,4.669887218045113,34.23,-118.46,1.5124021658665456
5.34228,14.0,5.424180327868853,1.055327868852459,1487.0,5.180122950819672,34.63,-120.2,1.8069587367652804
3.9249599999999996,43.0,4.188571428571429,0.9257142857142857,497.0,4.827999999999999,37.47,-122.21,2.4903869532691916
4.24188,52.0,4.646118721461187,1.047945205479452,2589.0,10.0486301369863,34.13,-118.2,1.9703834552025945
3.5844,46.0,4.166051660516605,1.0086100861008611,2833.0,5.9238622386223865,34.12,-118.19,1.7203222953982442
1.7538,28.0,2.1839464882943145,1.065217391304348,2079.0,5.91020066889632,34.05,-118.28,2.0238462777811446
6.830159999999999,12.0,12.910485933503836,2.153452685421995,883.0,3.8391304347826085,33.67,-116.29,2.601925113113994
3.5999999999999996,39.0,5.10431654676259,0.9424460431654677,661.0,4.042086330935251,39.14,-123.21,0.973368700798298
4.03332,36.0,5.911764705882353,0.9656862745098039,537.0,4.475,39.16,-121.58,1.0200245524603047
6.00864,44.0,5.914835164835165,1.0302197802197801,947.0,4.422802197802198,33.79,-118.13,2.738885640174253
7.01436,10.0,15.115384615384615,2.230769230769231,247.0,4.0375,40.23,-121.19,2.954641499520878
1.95,20.0,4.4226190476190474,1.0178571428571428,395.0,3.9970238095238098,39.79,-121.59,0.7774448551476895
4.562519999999999,45.0,4.876456876456876,1.0512820512820513,1190.0,4.715617715617715,33.99,-118.43,2.2616003966234612
6.28488,26.0,5.2405063291139244,0.9430379746835443,508.0,5.465822784810126,34.45,-118.53,2.1321349923588233
1.68336,37.0,4.596153846153846,0.9423076923076923,308.0,10.069230769230769,33.93,-118.23,1.1387949067502645
3.57636,30.0,4.8478260869565215,1.075098814229249,1753.0,5.889525691699605,34.21,-118.4,1.717361951830423
6.05364,36.0,5.953020134228188,1.0033557046979866,784.0,4.4724832214765105,33.81,-118.12,2.4778083685105625
2.60628,42.0,3.8233082706766917,0.9511278195488722,798.0,5.1,38.01,-121.82,1.142151170459369
3.15576,14.0,9.425,2.02,1711.0,2.9087,33.79,-116.48,1.0621376977584591
3.91248,30.0,5.551020408163265,1.0816326530612246,531.0,6.1408163265306115,37.61,-120.76,1.2818098352303966
3.91092,33.0,4.128133704735376,1.0403899721448469,2235.0,5.291782729805014,33.77,-117.94,1.5944918785795734
4.45308,11.0,5.717525773195876,1.0041237113402062,2300.0,4.030927835051546,33.18,-117.14,1.7700633559657215
6.5484,13.0,4.716332378223496,1.0415472779369628,1565.0,3.811604584527221,33.92,-117.88,2.556599653106834
8.089559999999999,3.0,6.322051282051282,1.205128205128205,2198.0,3.832410256410256,37.55,-122.24,4.120812125530084
3.9937199999999997,25.0,5.102728731942215,1.0256821829855538,2526.0,6.892776886035312,33.8,-117.99,1.7323295093902393
9.154319999999998,33.0,8.386666666666667,1.0133333333333334,253.0,5.734666666666667,34.05,-117.9,4.25452853582443
7.658879999999999,41.0,5.42483660130719,0.8888888888888888,353.0,3.9222222222222216,37.45,-122.27,4.182483345400697
2.07,52.0,3.765151515151515,0.9772727272727273,623.0,4.011742424242424,37.74,-121.43,0.9646076077273675
3.1941599999999997,10.0,6.204081632653061,1.2551020408163265,1403.0,3.4768221574344027,34.1,-116.32,0.8570427550191281
3.02244,18.0,5.467261904761905,1.1547619047619047,727.0,3.6782738095238097,34.04,-117.33,0.9716676096872241
3.7090799999999997,31.0,4.402777777777778,1.046875,2625.0,7.747395833333334,33.9,-118.18,1.504017874066289
6.6628799999999995,52.0,6.129032258064516,1.0419354838709678,1842.0,5.050645161290323,34.14,-118.2,3.6511929775058887
5.47284,32.0,4.72093023255814,0.9767441860465116,2839.0,9.35329457364341,33.72,-117.91,1.88331437128254
3.03996,5.0,3.7142857142857144,1.3928571428571428,132.0,4.007142857142857,35.23,-115.75,0.3682159613129857
3.48528,52.0,4.404282115869018,1.0478589420654911,1493.0,3.1965994962216624,37.86,-122.26,2.333601076823412
1.18056,36.0,5.017751479289941,1.1005917159763314,737.0,7.413609467455622,34.09,-117.27,0.8422470306118937
4.22568,15.0,3.0499445061043287,1.106548279689234,1447.0,2.7301886792452827,37.63,-122.43,2.0202072825013406
4.127759999999999,35.0,5.505119453924915,1.0170648464163823,911.0,5.285665529010238,34.08,-117.74,1.3208056437894509
13.55748,24.0,8.321969696969697,1.0132575757575757,1443.0,4.646022727272727,34.13,-118.49,4.837865052663019
5.11668,31.0,5.688770999115826,1.0503978779840848,3540.0,5.320954907161803,34.24,-118.33,2.1723837496571337
2.32248,35.0,2.7146984470928133,1.0693391115926327,5899.0,3.621632358252076,34.1,-118.3,1.9314801927425802
5.70816,12.0,6.446215139442231,1.0,1610.0,5.45219123505976,33.92,-117.16,1.7040242165882726
7.48668,13.0,5.988847583643123,1.3866171003717471,1649.0,3.4737298636926885,34.06,-118.44,4.217233778192056
2.79996,18.0,4.586991869918699,1.021138211382114,1636.0,4.522276422764228,39.39,-123.34,1.564152033859006
5.28,45.0,5.15625,1.0,645.0,4.283203125,33.86,-118.13,1.7674745335822593
4.065,23.0,5.536163522012578,0.9669811320754716,1712.0,4.576100628930817,36.32,-119.3,1.082047026104788
5.70792,18.0,5.958695652173913,0.9760869565217392,1507.0,5.569347826086956,37.99,-121.83,2.0447946524580822
6.552599999999999,31.0,5.436813186813187,0.9986263736263736,1924.0,4.492857142857143,32.83,-117.22,3.1302652720162354
3.1558800000000002,35.0,4.042402826855124,1.0901060070671378,2222.0,6.673851590106007,34.22,-118.46,1.7464784479111983
3.79704,24.0,3.2353966870095903,1.0392327811682651,1764.0,2.614472537053182,34.03,-118.41,2.7610782586771294
3.72504,37.0,4.508264462809917,1.1115702479338843,905.0,6.357438016528925,34.07,-118.03,1.7932495716262813
5.69592,19.0,5.765661252900232,1.013921113689095,1286.0,5.072389791183294,33.82,-118.02,2.2862046935714755
5.915039999999999,17.0,6.802884615384615,1.0336538461538463,1035.0,4.2295673076923075,34.71,-120.46,2.3907406390658403
2.23692,43.0,3.409090909090909,0.9522727272727273,1726.0,6.668636363636364,33.95,-118.21,1.2600637052066237
2.9612399999999997,49.0,3.7938553022794848,1.1863230921704657,2862.0,4.822001982160555,34.09,-118.28,1.693900115124925
8.50128,11.0,7.83585313174946,1.0129589632829374,1488.0,5.463498920086392,34.14,-117.66,3.359050371412812
4.46664,49.0,5.846689895470384,0.9651567944250871,737.0,4.3655052264808365,34.19,-118.14,1.9219814393808168
2.7931199999999996,23.0,5.625444839857651,1.0640569395017794,1984.0,3.000711743772242,33.7,-117.2,1.2328987966246832
4.2937199999999995,35.0,6.246246246246246,1.0960960960960962,1026.0,5.237837837837838,36.62,-119.73,1.1251789077184786
3.1941599999999997,19.0,4.666666666666667,1.1421319796954315,2047.0,5.888155668358714,33.88,-118.28,1.7021175450258486
2.82936,31.0,5.29038854805726,1.0858895705521472,1227.0,4.265644171779141,34.1,-117.36,0.8188546342747691
5.2428,34.0,4.96875,1.0763888888888888,1162.0,6.8590277777777775,33.96,-118.08,1.7933607116162569
4.49244,36.0,3.7383177570093458,0.9962616822429906,1234.0,3.9211214953271027,34.1,-118.21,1.8140204424674933
4.978079999999999,19.0,4.655352480417754,1.08355091383812,1025.0,4.549608355091384,33.74,-117.96,1.8459723650671926
5.26872,26.0,5.649484536082475,1.0103092783505154,801.0,4.679381443298969,38.31,-122.72,2.5040109591800506
4.2749999999999995,32.0,5.016372795969773,1.1032745591939546,1989.0,4.258564231738036,37.26,-121.91,1.930391599449333
6.93528,35.0,5.4935543278084715,0.9686924493554327,1614.0,5.053038674033149,34.13,-118.22,3.6828370030926174
5.4714,35.0,5.642361111111111,1.0486111111111112,1134.0,6.69375,33.99,-118.07,2.038015047439414
3.46872,11.0,7.918918918918919,1.6891891891891893,317.0,7.282432432432433,34.61,-120.09,2.4060394297843386
2.33328,26.0,4.468809073724008,1.1417769376181475,1520.0,4.88468809073724,34.64,-120.46,1.0728170291868713
5.019239999999999,31.0,5.915555555555556,1.0888888888888888,598.0,4.518222222222222,37.59,-122.55,2.97854908119513
5.709359999999999,31.0,5.671052631578948,1.0175438596491229,599.0,4.466228070175439,32.85,-116.94,1.5744152347490998
7.8233999999999995,35.0,6.364516129032258,1.1209677419354838,1361.0,3.7317741935483872,34.11,-118.36,4.509171159367027
3.38748,16.0,4.700389105058366,1.0992217898832686,1750.0,5.787937743190661,34.06,-118.11,1.767605638875626
2.37192,42.0,4.586666666666667,0.9555555555555556,812.0,6.135111111111112,36.69,-119.58,0.515786408297771
3.7565999999999997,25.0,4.310077519379845,1.124031007751938,985.0,3.24515503875969,33.64,-117.92,2.0718084339405713
4.7000399999999996,36.0,5.695652173913044,0.9057971014492754,408.0,5.0260869565217385,32.62,-117.06,1.4249864777792645
2.85,17.0,5.690406976744186,1.0784883720930232,1768.0,4.368604651162791,36.02,-119.01,0.8048641998026841
4.56348,16.0,4.43952802359882,1.056047197640118,835.0,4.187315634218289,33.7,-117.88,1.790216405059838
9.55524,8.0,8.234463276836157,1.0480225988700564,1271.0,6.103672316384181,34.13,-117.69,4.102748274855355
4.39044,32.0,5.524038461538462,0.8990384615384616,499.0,4.078365384615385,39.16,-123.22,1.1870663092822815
7.65864,18.0,7.36013986013986,1.055944055944056,830.0,4.933566433566433,33.65,-117.82,3.435045811220844
3.24468,34.0,6.780254777070064,1.1146496815286624,969.0,5.246178343949044,38.95,-121.47,1.412063684907329
4.17408,17.0,4.510532837670384,1.0285006195786865,3537.0,7.450929368029739,34.08,-117.98,1.6535399919718652
3.83868,52.0,4.295049504950495,1.0336633663366337,1220.0,4.106930693069307,37.78,-122.47,3.243949335875663
4.01784,41.0,4.078947368421052,1.0526315789473684,711.0,3.9759868421052627,34.03,-118.45,2.1023540180690703
5.25,33.0,5.439897698209719,1.0588235294117647,1056.0,4.591304347826086,34.18,-118.44,1.8550204566572503
2.7414,41.0,3.897887323943662,0.9683098591549296,1213.0,3.6304577464788728,37.86,-122.28,1.6830040923258565
6.61332,16.0,5.7167470709855275,1.0379048931771193,3903.0,4.572777394900069,34.25,-118.61,2.799162510945512
4.33128,29.0,4.930434782608696,1.0826086956521739,2331.0,5.743043478260869,34.09,-118.01,1.6769490026234801
3.7216799999999997,37.0,4.953125,1.0755208333333333,955.0,4.227864583333333,38.52,-121.49,0.9243208916665322
4.398,52.0,4.088235294117647,0.8529411764705882,523.0,5.23,34.07,-118.14,1.839426542637818
4.62852,42.0,5.132780082987552,0.9626556016597511,900.0,6.348547717842323,37.37,-121.84,1.9885012708009402
2.55,47.0,4.528052805280528,1.3036303630363035,1237.0,6.94026402640264,37.79,-122.24,1.7307306659241029
10.464,44.0,6.163179916317992,1.0460251046025104,668.0,4.751464435146444,34.2,-118.18,4.28089402048932
4.6026,38.0,5.112994350282486,1.0480225988700564,1257.0,6.036440677966102,34.08,-117.63,1.1778454405676977
2.97348,21.0,3.727272727272727,1.1054545454545455,1131.0,3.4958181818181813,32.75,-117.23,1.517886050250003
5.5095600000000005,49.0,5.7482993197278915,1.0442176870748299,770.0,4.4523809523809526,37.72,-122.47,3.0779197445494546
5.41548,16.0,6.174757281553398,1.046116504854369,1199.0,4.947330097087379,38.95,-121.19,1.7044960761085963
2.0685599999999997,33.0,1.9268774703557312,1.034584980237154,3707.0,6.227173913043478,34.06,-118.26,1.3941330501952613
3.77148,42.0,4.685344827586207,0.9051724137931034,1304.0,4.777586206896552,37.34,-121.94,1.8424135241976576
6.662399999999999,7.0,8.329787234042554,1.1063829787234043,809.0,4.876950354609929,33.17,-117.31,2.9915974705886517
6.0438,52.0,4.884057971014493,1.036231884057971,925.0,2.8487318840579707,37.8,-122.43,3.637567796149699
8.99364,4.0,7.311042590094431,1.054345731354789,16122.0,5.281826941607246,33.89,-117.74,4.055359210739856
7.42416,13.0,8.332326283987916,1.1268882175226587,2119.0,5.441540785498489,33.1,-117.05,3.4785958857689008
5.1409199999999995,46.0,6.521390374331551,1.1470588235294117,944.0,4.290909090909091,33.84,-118.13,2.0982506299555284
3.3999599999999996,35.0,5.302040816326531,1.036734693877551,705.0,4.891836734693877,38.68,-121.46,0.9496260377282796
3.26712,31.0,4.2351190476190474,1.0818452380952381,2120.0,5.363095238095238,34.04,-118.38,1.9441791185871737
3.0294000000000003,17.0,4.020501138952164,1.18125610152945,5692.0,3.148844777090791,38.59,-121.41,0.9920897672511085
3.0681599999999998,18.0,6.114035087719298,1.3157894736842106,356.0,5.3087719298245615,39.49,-121.21,0.9989973468691823
4.215,44.0,4.602605863192182,0.9706840390879479,1200.0,6.644951140065146,33.94,-118.2,1.5516589351524372
4.71672,37.0,5.550522648083624,1.0557491289198606,1030.0,6.101045296167247,37.09,-121.62,2.1126186024376334
3.3344400000000003,47.0,4.75,1.0245901639344261,810.0,5.643442622950819,38.54,-121.45,1.1447553449836432
6.77928,34.0,6.131645569620253,0.9367088607594937,1010.0,4.346835443037975,37.28,-121.93,3.416999239282468
1.99284,52.0,2.3333333333333335,0.8817204301075269,531.0,9.706451612903226,32.71,-117.15,0.858169754214436
6.367439999999999,16.0,6.572072072072072,1.0,1697.0,6.497522522522523,32.93,-117.13,2.2921730661714927
2.976,36.0,3.4804878048780488,1.0121951219512195,1835.0,7.6085365853658535,34.09,-118.22,1.591792367513121
4.403519999999999,19.0,4.868811881188119,1.2054455445544554,1251.0,5.264108910891089,33.71,-117.99,1.9230827910643227
4.26,36.0,4.654320987654321,0.9654320987654321,1049.0,4.403209876543209,33.85,-118.13,1.5849443930913452
2.3489999999999998,24.0,4.528423772609819,1.058139534883721,2098.0,4.608010335917313,36.79,-119.83,0.5347843952770733
3.4557599999999997,6.0,2.6840215439856374,0.9910233393177738,1087.0,3.317594254937163,37.33,-121.89,1.8667069564143297
2.04672,49.0,5.08550185873606,1.0483271375464684,790.0,4.992565055762081,37.76,-122.19,1.58015860977763
4.064279999999999,40.0,3.622950819672131,1.0163934426229508,1930.0,7.68384074941452,33.99,-118.19,1.5393823937369824
4.36716,30.0,5.612813370473537,1.075208913649025,1777.0,4.2073816155988855,37.97,-122.3,1.6314493503740537
3.336,22.0,4.243542435424354,0.9944649446494465,1625.0,5.0968634686346865,33.75,-117.96,1.6189534930020637
6.1476,25.0,5.841509433962264,1.0528301886792453,732.0,4.695849056603773,33.82,-118.05,2.296308572294546
3.17496,23.0,4.382352941176471,0.9411764705882353,101.0,5.05,32.83,-116.97,1.4021517465812812
4.67232,13.0,4.12807881773399,1.1600985221674878,710.0,2.9729064039408866,37.26,-121.88,2.343867813460795
3.8249999999999997,26.0,3.9218390804597703,1.186206896551724,894.0,3.493793103448276,34.03,-118.43,2.4477582938028473
5.45892,43.0,5.984848484848484,1.0454545454545454,657.0,5.640909090909091,34.12,-118.01,2.292253645023161
3.13848,31.0,3.6139240506329116,0.9683544303797469,841.0,9.04873417721519,33.91,-118.22,1.3922197845123407
2.84592,52.0,3.9415730337078654,1.0157303370786517,1849.0,7.063595505617977,34.03,-118.2,1.5098021248908573
2.77296,28.0,5.134357005758157,1.0115163147792707,1392.0,4.542034548944338,36.76,-119.71,0.6077480218358311
4.9746,37.0,4.511933174224343,1.041766109785203,1725.0,3.4994033412887826,34.06,-118.4,2.5511558208905805
4.52496,36.0,3.8130563798219583,1.029673590504451,1291.0,6.512462908011869,33.8,-118.22,1.5824386560697272
7.0221599999999995,23.0,5.751807228915663,1.0072289156626506,1008.0,4.129156626506024,33.87,-118.38,3.0392737517640174
5.48652,24.0,5.339331619537275,0.9845758354755784,1488.0,6.5028277634961436,37.6,-122.03,2.0627251049772504
1.398,27.0,5.670588235294118,1.2901960784313726,594.0,3.96,39.03,-122.66,0.6630541666903751
5.535959999999999,29.0,5.5625,0.9924242424242424,1132.0,3.6446969696969695,33.79,-118.13,2.073901150898739
3.3362399999999997,22.0,4.2925373134328355,1.0865671641791044,1325.0,6.723880597014926,34.07,-117.97,1.55855805252241
15.9522,27.0,7.607142857142857,1.012672811059908,2336.0,4.575115207373272,34.11,-118.49,4.78148613471622
9.79032,36.0,6.954451345755694,1.020703933747412,1298.0,4.568530020703934,37.86,-122.16,4.554660976084098
9.299999999999999,17.0,8.23076923076923,1.1282051282051282,92.0,4.01025641025641,34.49,-119.14,4.412595660118698
5.55,38.0,4.7309090909090905,0.96,877.0,5.421454545454545,33.96,-118.12,1.842596097602564
4.71972,32.0,4.944099378881988,0.9668737060041408,1746.0,6.145341614906832,34.17,-119.18,1.9626222372900712
4.95,37.0,5.109792284866469,1.0445103857566767,648.0,3.268842729970326,37.93,-122.53,2.471049010254304
3.12504,34.0,3.7163636363636363,1.04,1058.0,6.540363636363636,33.98,-118.19,1.4875682605429286
7.21584,23.0,6.815561959654179,1.0230547550432276,1209.0,5.9230547550432275,33.88,-117.83,3.2310691143949097
1.6806,43.0,2.5077639751552794,1.139751552795031,1460.0,3.8540372670807455,34.1,-118.32,2.008406573648574
2.0956799999999998,35.0,3.218,1.108,1675.0,2.8475,37.87,-122.27,1.9650137159494452
3.8150399999999998,31.0,3.712328767123288,0.9715489989462592,2660.0,4.7650158061116965,33.79,-117.86,1.51003685903132
3.75,34.0,5.084821428571429,1.0625,1728.0,6.557142857142857,34.08,-117.95,1.616327929908175
5.25,35.0,5.961672473867596,1.0470383275261324,1690.0,5.005226480836237,34.23,-118.54,2.0922634312780133
4.3536,14.0,4.477894736842106,1.1305263157894736,1338.0,4.788631578947369,33.72,-117.99,1.730289113039436
3.2678399999999996,35.0,5.385416666666667,1.1145833333333333,857.0,5.058680555555556,39.01,-123.36,1.632586302525392
6.44484,7.0,6.443564356435644,1.0178217821782178,2902.0,4.884554455445544,38.27,-122.57,3.5194830803825714
4.3250399999999996,34.0,5.538461538461538,1.0,621.0,5.075480769230769,32.79,-115.57,0.913649980411459
2.86368,30.0,5.527896995708154,1.0171673819742488,720.0,5.253218884120171,37.51,-120.96,0.9781246794789226
4.88568,42.0,5.843501326259947,1.0928381962864722,1012.0,4.563395225464191,34.19,-118.13,2.1014694978470194
7.9925999999999995,29.0,7.825396825396825,1.0380952380952382,859.0,4.635873015873016,38.03,-121.25,3.462929655968056
2.65308,23.0,5.363128491620111,1.2681564245810055,1161.0,5.513128491620112,34.11,-117.24,0.8139134739755075
7.94256,32.0,6.567368421052632,1.0252631578947369,2615.0,4.679473684210526,33.75,-118.09,4.183840100293936
7.29648,6.0,7.034690799396682,0.971342383107089,2105.0,5.397435897435897,38.72,-121.27,3.0594600434078765
2.88456,46.0,3.6126543209876543,1.0848765432098766,2371.0,6.220216049382715,34.07,-118.26,1.827183766128533
4.258319999999999,4.0,6.208333333333333,1.305,1478.0,4.187666666666667,36.37,-119.65,1.1719467896116642
2.79996,25.0,5.84516129032258,1.0838709677419356,1257.0,4.595483870967741,36.8,-119.75,0.7488518790652361
4.13784,35.0,4.420743639921722,0.9804305283757339,1340.0,4.457925636007828,32.83,-117.21,1.4831308974980557
6.87012,28.0,5.948387096774193,1.020967741935484,1877.0,5.146612903225806,37.28,-121.98,3.4473983375214456
7.984319999999999,9.0,6.961151079136691,1.0920863309352518,2090.0,5.112230215827338,33.88,-117.76,3.6265479691067144
6.031319999999999,33.0,5.640756302521009,0.9789915966386554,1359.0,4.853571428571429,33.8,-118.04,2.5318965801134365
5.16432,52.0,5.763333333333334,1.0633333333333332,890.0,5.043333333333333,37.72,-122.45,2.9158965774910888
1.28568,36.0,2.7995495495495497,1.0585585585585586,1668.0,6.386486486486486,34.05,-118.22,1.718404651390109
3.81852,9.0,5.675156174915906,1.0480538202787122,6716.0,5.486400768861125,34.44,-117.35,0.9038345739886673
5.50716,52.0,6.273712737127371,1.1056910569105691,835.0,3.846883468834688,37.89,-122.28,2.618309248393712
2.66568,42.0,3.7292576419213974,1.1368267831149927,1936.0,4.790684133915575,34.09,-118.13,1.653714077332488
5.56872,19.0,6.107368421052632,0.9368421052631579,1414.0,5.060631578947368,33.74,-116.94,1.7185942731509911
6.3732,8.0,6.464096749811035,1.0861678004535147,3335.0,4.285336356764928,33.12,-117.25,2.813096561357115
3.51516,22.0,3.6593932943054814,1.0431080361894625,5162.0,4.670250133049494,33.89,-118.12,1.4994045182569522
6.07128,41.0,5.851985559566787,1.0072202166064983,756.0,4.63971119133574,33.92,-118.42,3.0277838751238755
7.00932,34.0,6.49800796812749,1.0617529880478087,1265.0,4.283864541832669,34.47,-119.72,4.161598056766584
4.37304,43.0,5.304347826086956,0.9652173913043478,729.0,5.388260869565218,34.22,-118.4,1.7668460523738196
7.297079999999999,21.0,6.474167623421355,1.026406429391504,2670.0,5.2112514351320325,37.08,-122.07,3.6826832665790312
6.51444,9.0,6.452261306532663,1.0577889447236182,1149.0,4.907788944723618,35.27,-120.71,2.929569227560785
3.47148,16.0,5.086092715231788,1.0132450331125828,1283.0,3.611092715231788,34.51,-117.32,0.9043476998116804
7.199999999999999,36.0,6.196581196581197,1.0042735042735043,568.0,4.126495726495726,37.92,-122.29,3.0727656811707558
4.09284,13.0,5.15625,1.125,822.0,21.834374999999998,32.75,-115.5,1.0297339672999952
3.22728,30.0,3.6733870967741935,1.0181451612903225,932.0,3.1943548387096774,36.59,-121.88,2.1272706232184544
13.33452,15.0,7.778846153846154,1.0841346153846154,1289.0,5.267548076923077,33.63,-117.8,4.708306764418874
3.8886,16.0,6.11377245508982,1.215568862275449,2033.0,5.173802395209581,35.12,-118.46,1.3411121071223764
5.243759999999999,26.0,5.184275184275184,1.0049140049140048,1146.0,4.786732186732187,33.76,-117.84,1.827343685298045
5.23128,14.0,5.041095890410959,0.9965753424657534,876.0,5.1,37.52,-122.25,3.1590383912157893
3.31608,37.0,1.4112903225806452,0.9879032258064516,1122.0,7.691129032258065,34.05,-118.27,1.548460612618849
7.771319999999999,39.0,6.536231884057971,0.9601449275362319,730.0,4.496376811594203,34.16,-118.07,4.28003159544861
2.3907599999999998,42.0,2.9171029668411865,1.0322862129144852,3480.0,5.162303664921466,34.05,-118.32,1.987114998659429
6.058800000000001,52.0,6.382470119521912,1.0557768924302788,667.0,4.5175298804780875,34.18,-118.29,3.188653590039159
3.9607200000000002,17.0,3.926091825307951,1.110862262038074,2104.0,4.005375139977604,33.83,-117.98,1.7547670971932956
3.38796,31.0,4.0607476635514015,1.0822429906542057,1987.0,3.1569158878504675,34.06,-118.38,2.727891243407351
2.7627599999999997,37.0,4.926952141057934,1.012594458438287,1265.0,5.416876574307305,37.74,-120.93,0.7598449914118571
4.07148,28.0,5.673960612691466,1.0656455142231946,1365.0,5.077680525164114,38.22,-121.24,1.4093283667887062
1.67652,37.0,4.642857142857143,1.0942857142857143,1243.0,6.037428571428571,33.96,-118.26,0.9513094293199293
18.00012,40.0,8.584541062801932,1.0,577.0,4.7386473429951685,37.46,-122.21,5.140773019424235
2.49708,21.0,5.397435897435898,1.0929487179487178,1052.0,5.732051282051282,37.16,-120.41,0.8801342891319747
6.61212,35.0,6.13968253968254,0.9746031746031746,905.0,4.884126984126984,34.19,-118.62,3.293303049296518
2.73528,23.0,5.763414634146342,1.0951219512195123,1168.0,4.8429268292682925,36.99,-120.64,1.1718729082646517
4.35,22.0,5.161616161616162,0.9797979797979798,517.0,4.438888888888889,37.92,-120.4,1.0187671632914255
5.91432,24.0,5.781065088757397,0.8698224852071006,454.0,4.566863905325444,32.74,-116.98,1.7699277153872255
5.15004,33.0,5.245136186770428,1.0116731517509727,1098.0,7.263035019455253,34.04,-118.05,1.888042117306328
3.9562799999999996,18.0,5.5264623955431755,1.0557103064066853,1078.0,5.104735376044568,36.81,-121.72,2.112974761121498
5.08128,34.0,5.137323943661972,0.977112676056338,1435.0,4.294894366197183,34.1,-118.12,1.9052342944831135
2.5152,34.0,2.466893039049236,0.99830220713073,1987.0,5.734974533106961,34.05,-118.3,1.751487815069626
2.66472,50.0,5.350877192982456,1.080701754385965,661.0,3.94280701754386,41.73,-122.64,0.598513601119726
4.47192,16.0,4.702564102564103,1.0025641025641026,994.0,4.332820512820512,38.47,-122.73,2.032995048217021
7.762199999999999,22.0,6.721374045801527,1.036259541984733,1706.0,5.534732824427481,33.83,-117.88,3.4369899298780453
2.09352,16.0,7.284313725490196,1.588235294117647,943.0,3.1433333333333335,39.02,-122.66,0.749128996187167
4.48848,52.0,5.807531380753138,1.1338912133891212,735.0,5.2280334728033475,34.14,-118.22,2.189139443155366
12.47436,8.0,8.225071225071225,1.0,1176.0,5.695726495726496,33.58,-117.69,4.321921630987667
3.85572,4.0,4.373493975903615,1.1506024096385543,1250.0,3.200301204819277,34.05,-117.21,1.1569410912679807
3.41544,39.0,3.861035422343324,0.9782016348773842,1450.0,6.716621253405994,33.79,-118.27,1.4302091559125911
7.46832,32.0,6.488789237668161,0.9573991031390134,1151.0,4.387219730941704,34.16,-117.27,2.6220504572373127
3.0,52.0,4.804761904761905,1.1,929.0,7.520476190476191,37.33,-121.9,1.7165494823250047
3.53568,19.0,5.672661870503597,1.0494604316546763,3012.0,4.604676258992805,38.56,-121.37,1.3042805778509243
3.43236,14.0,5.493265993265993,1.095959595959596,1910.0,5.466329966329966,36.01,-118.73,0.9609673913186492
5.57304,36.0,6.153526970954357,1.0933609958506223,1231.0,4.341701244813278,34.11,-118.09,2.388774107676005
4.965,16.0,6.214452214452215,1.048951048951049,1203.0,4.767132867132867,35.49,-120.69,1.9002951699963118
3.6239999999999997,9.0,4.1268115942028984,1.038647342995169,2521.0,5.175966183574879,32.69,-117.04,1.2446382739739428
2.89476,24.0,4.686006825938566,0.9840728100113766,1294.0,2.5026166097838454,35.35,-119.07,0.9439457341366707
2.96664,24.0,6.24,1.13,641.0,5.4485,36.12,-119.29,0.8606512223474222
6.448440000000001,26.0,6.211678832116788,0.9854014598540146,1337.0,5.530170316301703,33.71,-117.97,2.743595951902179
3.35004,40.0,4.173333333333333,1.0933333333333333,337.0,3.8193333333333332,36.6,-121.89,1.8424715271962468
3.6650399999999994,27.0,4.756507136859781,1.0755667506297228,3612.0,5.155667506297229,36.61,-121.83,1.7268122494343283
7.467599999999999,10.0,5.740869565217391,1.031304347826087,2190.0,6.474782608695652,37.27,-121.8,3.271421974214993
3.89808,16.0,4.339915373765868,1.0338504936530324,1447.0,3.4695345557122708,38.0,-122.04,1.3254854348744152
2.1618,15.0,4.359635811836116,1.370257966616085,1094.0,2.822154779969651,33.75,-117.01,1.0638365332634994
7.583879999999999,23.0,6.909407665505227,0.975609756097561,978.0,5.793031358885017,34.3,-118.71,3.3752420552909843
8.16048,3.0,7.789022298456261,1.234991423670669,1600.0,4.665523156089193,33.67,-117.61,3.3830082896463347
4.36944,15.0,5.3442088091354,1.0929853181076672,1520.0,4.215334420880914,35.33,-120.84,1.7086917580971994
3.4125599999999996,34.0,4.620967741935484,1.0698924731182795,1444.0,6.598924731182795,33.82,-118.21,1.5706793513756334
4.07304,4.0,5.412186379928316,1.2783751493428912,1804.0,3.664038231780167,36.81,-119.86,1.3983919198052157
4.19028,44.0,5.138418079096045,1.0310734463276836,1137.0,5.4601694915254235,37.75,-122.5,2.8557529231353365
2.42556,22.0,3.4210526315789473,1.0951417004048583,1669.0,5.743522267206478,32.67,-117.1,1.022537323901065
6.18144,2.0,8.834824501032347,1.2677219545767378,4636.0,5.424088093599449,33.9,-117.33,1.9885762568192658
14.047199999999998,52.0,8.97553516819572,1.0428134556574924,975.0,5.068807339449541,34.13,-118.12,4.985263569913002
1.9049999999999998,15.0,4.422740524781341,1.0524781341107872,1275.0,6.319241982507288,36.42,-119.09,0.5416097868277697
5.316,25.0,5.344660194174757,0.9466019417475728,1415.0,5.838592233009709,34.15,-119.14,2.133485025636925
2.62176,16.0,5.939733707077785,1.2319551506657322,2711.0,3.229642606867554,33.71,-117.21,1.2955846568811895
4.46664,34.0,4.546134663341646,1.139650872817955,1485.0,6.295511221945137,34.09,-118.08,1.914797962810574
4.35,37.0,5.865671641791045,1.0865671641791044,796.0,4.039402985074627,36.78,-119.81,0.9580430015706732
4.83,34.0,5.152985074626866,0.9888059701492538,1020.0,6.470149253731344,34.04,-117.96,1.6915241916015584
2.0268,31.0,3.800711743772242,0.9644128113879004,1091.0,6.60035587188612,33.97,-118.28,1.1828167493522208
12.27732,31.0,8.24083769633508,1.0104712041884816,551.0,4.904188481675393,37.25,-122.01,4.858692728437645
6.279240000000001,34.0,4.731182795698925,0.967741935483871,217.0,3.966666666666667,37.35,-121.74,2.47105036272655
4.08336,52.0,4.429184549356223,1.0643776824034334,1726.0,6.29656652360515,37.76,-122.41,2.851405156429601
2.60004,42.0,5.173076923076923,1.0288461538461537,200.0,3.269230769230769,36.96,-122.04,2.1211714686293486
2.22228,52.0,2.654450261780105,1.1047120418848169,1055.0,4.695026178010472,37.78,-122.41,2.0497987015587653
5.37852,42.0,5.481684981684982,0.9377289377289377,1594.0,4.963003663003662,37.69,-122.48,3.038841111426117
4.03332,24.0,4.1030444964871196,0.9531615925058547,910.0,3.6229508196721314,33.74,-117.84,1.7150283853580852
3.15,41.0,3.1154791154791153,0.9778869778869779,1887.0,7.881818181818182,34.05,-118.2,1.4650903758811853
6.12024,30.0,5.50199203187251,1.1812749003984064,1581.0,5.35398406374502,37.24,-122.27,4.055886330344386
3.76368,38.0,4.377215189873418,0.9974683544303797,801.0,3.447341772151899,34.44,-119.73,2.2878448990572835
1.4477999999999998,43.0,3.0084388185654007,1.0337552742616034,880.0,6.312236286919831,34.0,-118.28,1.4344964160557532
6.512759999999999,44.0,5.712,0.9546666666666667,846.0,3.8351999999999995,37.33,-121.93,3.380417825005342
5.26188,36.0,5.567741935483871,1.070967741935484,1293.0,7.090645161290322,33.93,-118.04,1.8623280146099936
5.30244,35.0,5.348336594911937,0.9980430528375733,1814.0,6.034833659491193,34.16,-119.19,2.1952431449599485
7.88028,43.0,5.055276381909548,1.0100502512562815,520.0,4.442211055276382,34.03,-118.4,3.9944645005733723
3.48528,43.0,5.424657534246576,1.2465753424657535,261.0,6.078082191780822,34.02,-118.13,1.6536957252235847
1.8192,28.0,4.4032786885245905,1.0819672131147542,1331.0,7.418688524590164,36.59,-119.44,0.5454356757669844
6.95208,27.0,7.25050505050505,1.0242424242424242,1484.0,5.096565656565657,33.78,-117.81,3.5969930135230093
3.0749999999999997,49.0,4.615384615384615,0.8461538461538461,76.0,9.938461538461537,34.1,-117.3,1.2613194611584837
9.45264,52.0,8.282548476454293,1.0498614958448753,947.0,4.459556786703601,37.83,-122.23,4.730766418800095
2.82312,48.0,3.807073954983923,1.0546623794212218,953.0,5.209324758842444,34.04,-118.32,1.5439957074523256
6.11076,16.0,7.176351351351351,1.204054054054054,3836.0,4.406216216216216,33.91,-117.98,2.6965770331781567
5.805839999999999,52.0,5.2639593908629445,0.9289340101522843,909.0,3.9220812182741116,37.74,-122.44,2.8663184190451068
1.56276,17.0,5.26463700234192,1.2529274004683841,927.0,3.6906323185011707,35.64,-118.47,0.47110326706210925
12.13464,2.0,8.78665496049166,1.2756804214223003,3550.0,5.298507462686567,33.57,-117.68,4.275356377865792
4.2954,35.0,5.50763358778626,1.015267175572519,861.0,5.5866412213740455,34.08,-117.91,1.6713282682222153
5.75436,26.0,4.843423799582464,1.011830201809325,4367.0,5.166249130132219,33.84,-118.06,2.251671066241038
5.55,22.0,5.85408560311284,0.9669260700389105,1640.0,5.424124513618677,37.6,-122.06,2.364039900959225
3.50004,26.0,5.678714859437751,1.0642570281124497,779.0,5.318473895582329,36.34,-119.87,0.892813054692272
4.935,39.0,5.165605095541402,1.1305732484076434,903.0,4.888853503184714,34.3,-118.38,1.7129241321610846
5.325,37.0,5.6015625,1.0234375,786.0,5.21953125,33.94,-118.11,2.058599534638452
6.0,28.0,5.434316353887399,0.9544235924932976,2164.0,4.931367292225201,34.25,-118.49,2.3155635104289947
2.8630799999999996,36.0,4.075371549893843,1.0658174097664543,4711.0,8.50180467091295,34.05,-117.76,1.27033650586029
4.91256,35.0,5.446366782006921,0.9550173010380623,1088.0,6.3999999999999995,34.12,-117.88,1.6619920592394772
8.783399999999999,37.0,7.506769825918762,1.0831721470019342,1315.0,4.323984526112185,37.89,-122.2,4.31151890421041
3.8513999999999995,50.0,4.390334572490707,0.9851301115241635,1196.0,7.558364312267657,34.29,-118.43,1.6075203971307608
3.28488,9.0,4.433444259567388,1.0682196339434276,2827.0,3.998252911813644,38.01,-121.88,1.2136773821285494
8.98044,8.0,7.773191094619666,1.0547309833024119,7249.0,5.715816326530612,34.13,-117.76,4.127521828551936
6.27912,16.0,5.045180722891566,1.0662650602409638,604.0,3.0927710843373495,32.86,-117.23,2.394610261789216
3.6428399999999996,33.0,4.359756097560975,1.048780487804878,1165.0,6.038109756097561,34.08,-118.09,1.7642868829591174
2.19,37.0,3.777089783281734,1.0061919504643964,1472.0,7.747368421052632,32.71,-117.13,1.155387905611242
5.11728,46.0,4.756410256410256,1.0256410256410255,1272.0,4.620512820512821,37.76,-122.5,3.070264885427633
3.19716,10.0,4.436454849498328,1.0384615384615385,1967.0,5.5918060200668895,33.92,-116.89,1.017248631365603
4.0451999999999995,17.0,4.04969696969697,0.9733333333333334,3381.0,6.966909090909091,33.76,-117.93,1.654296928695093
2.775,15.0,5.9010989010989015,1.2557442557442557,2310.0,3.9230769230769225,35.63,-118.41,0.8015514158803577
2.9708399999999995,26.0,5.9,1.1178571428571429,762.0,4.626428571428572,40.38,-120.42,0.5859435255495387
2.31,20.0,5.549618320610687,1.2442748091603053,624.0,4.048854961832061,33.57,-114.57,0.7004613913995411
6.9324,23.0,6.552301255230126,0.9811715481171548,1646.0,5.8539748953974895,33.85,-118.04,3.1819442179145425
1.3499999999999999,27.0,5.649122807017544,1.4210526315789473,112.0,3.340350877192982,33.3,-115.96,0.5270072806902747
4.26672,35.0,4.8475,1.03,1036.0,4.403,33.88,-118.31,1.8091456153786474
2.33328,23.0,4.285539215686274,1.0870098039215685,2467.0,5.139583333333333,37.61,-120.96,1.0677093862120661
2.54268,13.0,4.4779195289499505,1.1648675171736997,2475.0,4.129048086359175,34.08,-117.43,1.0277333537572872
2.451,35.0,5.556306306306307,1.0563063063063063,1194.0,4.571621621621621,40.19,-122.26,2.00908920990488
2.1562799999999998,10.0,7.448979591836735,2.0816326530612246,140.0,4.857142857142857,40.4,-123.08,1.2164604069669998
5.29464,40.0,5.605113636363637,1.0852272727272727,774.0,3.7380681818181816,34.16,-118.37,2.496898824254883
6.487559999999999,36.0,5.378651685393258,1.0112359550561798,2039.0,3.894719101123595,37.41,-122.13,3.676896707203659
3.64548,47.0,4.8293333333333335,1.0693333333333332,948.0,4.2976,36.62,-121.92,1.8811609233196271
2.5857599999999996,23.0,3.696485623003195,0.987220447284345,640.0,3.476038338658147,32.61,-117.09,1.128326621240203
5.8333200000000005,39.0,5.514814814814815,1.0444444444444445,743.0,4.678148148148148,33.88,-118.38,2.5975290820158072
4.4149199999999995,37.0,4.389204545454546,0.96875,1909.0,9.219602272727272,34.25,-118.42,1.5329451121231963
4.40628,49.0,4.934959349593496,1.0670731707317074,1110.0,3.835365853658536,37.76,-122.24,1.6737592214064037
10.24836,23.0,7.851528384279476,0.9847161572052402,1292.0,4.795633187772926,33.77,-117.79,4.27969927265721
2.28336,50.0,5.015686274509804,1.1764705882352942,675.0,4.5,37.85,-122.27,2.7593465145568
5.001,32.0,5.73492286115007,1.0308555399719495,2927.0,6.978821879382888,36.7,-121.64,2.1406777792826497
6.5510399999999995,27.0,6.800884955752212,1.0,1223.0,4.599778761061947,35.39,-118.94,1.9690649335742394
5.50836,13.0,6.759358288770054,1.0802139037433156,552.0,5.018181818181818,35.39,-119.12,1.994158701837212
2.20836,47.0,4.723463687150838,1.1229050279329609,913.0,4.335474860335196,35.42,-119.04,0.39631438577905587
2.85,36.0,2.3333333333333335,0.7777777777777778,21.0,3.966666666666667,34.03,-118.06,1.664229235611284
6.1236,34.0,5.90625,0.9744318181818182,1379.0,6.659943181818181,33.84,-117.99,2.420422748723954
2.21256,32.0,5.139817629179332,1.0729483282674772,1457.0,7.5285714285714285,34.14,-117.32,0.8428761682561224
2.5125599999999997,39.0,5.260330578512397,1.0165289256198347,770.0,5.409090909090908,32.72,-117.09,1.0623286804301502
8.724839999999999,8.0,6.771929824561403,1.0394736842105263,1799.0,6.706798245614035,37.33,-121.77,4.137649044797251
3.21432,21.0,5.008264462809917,1.0888429752066116,1379.0,4.843595041322314,34.31,-119.1,1.908849216558581
2.5178399999999996,26.0,3.4276401564537156,0.9947848761408083,2721.0,6.0308996088657105,32.67,-117.1,1.2029701951307321
7.71756,17.0,6.548198636806232,1.0233690360272638,3439.0,5.692599805258033,37.08,-121.56,3.6661641575581534
3.15,36.0,6.029585798816568,0.9940828402366864,602.0,6.0556213017751475,36.86,-121.51,1.748379954991538
6.113639999999999,14.0,5.076923076923077,1.0384615384615385,943.0,6.1657692307692304,32.68,-117.04,1.9454053207211697
6.525720000000001,42.0,6.451923076923077,1.1682692307692308,615.0,5.0264423076923075,33.98,-118.06,3.3778882763775537
2.44776,49.0,4.253012048192771,1.0542168674698795,1200.0,6.144578313253012,32.68,-117.1,1.3637004566305575
5.73336,6.0,7.358227848101266,1.1493670886075948,2275.0,4.8955696202531644,34.5,-118.26,2.885877351156181
1.71816,36.0,3.842391304347826,1.2445652173913044,1762.0,4.069836956521739,34.9,-117.06,0.41642354428459916
3.4630799999999997,44.0,5.610062893081761,0.8742138364779874,440.0,4.70440251572327,33.91,-118.26,1.4914586722633465
6.94884,20.0,6.408260524225576,0.9666401906274821,3489.0,4.711119936457506,37.67,-121.77,2.9185369440442344
6.57444,26.0,7.068,1.06,1040.0,7.072,34.26,-118.75,2.563151895270939
8.20884,25.0,7.111553784860558,0.9880478087649402,750.0,5.079681274900398,33.83,-117.88,3.7858034418942785
4.83888,22.0,5.5363790186125215,1.0456852791878173,1784.0,5.1316412859560065,33.99,-117.89,1.9674720680129816
5.184359999999999,37.0,5.140625,0.9625,1077.0,5.7215625,33.97,-118.06,1.6827342790037256
6.6721200000000005,4.0,7.220008478168715,1.079270877490462,7653.0,5.515091140313692,37.97,-121.78,2.7527365917142745
4.11564,42.0,4.818791946308725,1.0,1005.0,5.733221476510066,34.01,-118.1,1.693527973530809
3.8103599999999997,27.0,5.134228187919463,1.0033557046979866,2212.0,4.206263982102908,35.35,-119.04,0.9207543940753308
4.76544,46.0,6.410334346504559,1.1762917933130699,922.0,4.764133738601823,37.79,-122.18,2.4085111616769774
3.1585199999999998,21.0,4.132264529058117,1.0561122244488979,2162.0,3.6827655310621243,37.7,-122.13,1.6015976174977928
2.1462,40.0,5.916817359855335,1.1989150090415914,1467.0,4.509764918625678,41.78,-121.62,0.32781528991811276
10.58448,22.0,7.449180327868852,0.9114754098360656,933.0,5.200327868852459,34.12,-117.66,4.144639212123395
5.4375599999999995,25.0,6.795031055900621,1.1718426501035197,1244.0,4.378467908902691,38.27,-122.42,2.549921095753028
7.838639999999999,14.0,8.079681274900398,1.0159362549800797,781.0,5.289641434262948,38.76,-121.17,3.6897056321391055
7.5757200000000005,17.0,5.293948126801153,1.1873198847262247,1364.0,3.3412103746397697,37.33,-122.05,4.002805695480784
4.395,45.0,4.850877192982456,0.9868421052631579,595.0,4.43640350877193,34.19,-118.41,1.6520350321244055
2.43696,6.0,4.827556325823224,1.1403812824956672,4048.0,5.963258232235702,34.1,-117.45,1.008091750627783
1.9312799999999999,27.0,4.887323943661972,1.0422535211267605,1056.0,6.32112676056338,36.66,-119.6,0.46377011299092563
3.9,46.0,5.270949720670391,1.0027932960893855,795.0,3.7751396648044695,32.76,-117.05,1.2221654304410716
3.3800399999999997,35.0,6.459649122807018,1.0526315789473684,783.0,4.670526315789473,38.0,-121.22,1.0853754154013489
2.09424,24.0,3.3381147540983607,1.2028688524590163,1012.0,3.5254098360655735,32.76,-117.06,1.0988356897334746
4.62504,15.0,5.725806451612903,1.0,1296.0,5.0764976958525345,37.66,-120.96,1.3284791255181376
5.72148,36.0,5.092682926829268,0.975609756097561,982.0,8.14341463414634,34.04,-117.95,1.908723441781535
3.62148,49.0,5.052631578947368,1.0789473684210527,83.0,3.7131578947368418,34.18,-118.32,1.8651187313022095
5.534999999999999,26.0,5.965277777777778,1.0046296296296295,1086.0,4.273611111111111,33.78,-117.84,2.033349141474804
6.492360000000001,32.0,6.114285714285714,1.0879120879120878,1092.0,4.08,37.28,-122.0,3.403147774565232
6.36888,42.0,5.359504132231405,1.0165289256198347,611.0,4.292148760330579,33.67,-118.31,3.1279190702632538
2.7272399999999997,10.0,4.934027777777778,1.0763888888888888,1443.0,4.258854166666667,36.59,-119.61,0.7327047193554789
3.16416,34.0,5.769021739130435,1.0516304347826086,1310.0,6.051630434782608,37.72,-121.22,1.2479733386370673
4.425,13.0,4.049166666666666,1.0775,3351.0,4.74725,34.2,-118.4,1.6037639403079123
6.1536,25.0,6.045180722891566,0.9066265060240963,1135.0,5.811746987951807,32.78,-115.57,1.1822890295230437
4.44516,17.0,5.677966101694915,1.0554699537750385,1939.0,5.07904468412943,38.03,-121.97,1.6235724496990391
5.47128,13.0,5.084321475625823,0.9354413702239789,2283.0,5.113438735177866,34.14,-117.95,2.046456666849783
6.283320000000001,16.0,5.123583934088568,0.9773429454170958,2537.0,4.441709577754892,34.21,-118.84,2.293155605434739
5.625,18.0,6.346570397111913,1.032490974729242,987.0,6.057400722021661,32.72,-117.07,1.9656347121126179
4.575,30.0,4.7706766917293235,1.0902255639097744,556.0,3.553383458646617,37.37,-122.03,2.3429586891731486
5.184359999999999,37.0,5.565826330532213,0.9719887955182073,1095.0,5.214285714285714,33.82,-118.11,1.8618473702409006
5.046119999999999,37.0,4.829090909090909,0.9927272727272727,1115.0,6.892727272727273,33.94,-118.04,1.8668954561747872
2.90808,28.0,3.0234798314268514,1.053582179409994,2558.0,2.6180614087898855,37.83,-122.25,1.721874512333832
4.88148,24.0,6.347394540942928,1.0496277915632755,1149.0,4.846898263027295,38.91,-121.11,1.7573427548546534
1.7260799999999998,5.0,3.7740046838407495,1.100702576112412,3284.0,6.537236533957845,32.55,-117.06,1.3009306751834027
4.3188,18.0,5.707910750507099,1.0933062880324544,1439.0,4.962068965517241,33.74,-117.97,1.9269195960472423
3.5911199999999996,46.0,4.458823529411765,1.04,920.0,3.6799999999999997,37.88,-122.29,1.9013205618238316
6.17976,35.0,7.256130790190736,1.0544959128065394,1086.0,5.030517711171662,37.71,-122.09,2.7048344371654824
4.25352,19.0,6.8045738045738045,1.2702702702702702,1164.0,4.113929313929313,37.39,-119.59,1.2249689694422554
3.53688,33.0,5.6058558558558556,1.2297297297297298,1857.0,7.110135135135135,33.85,-117.93,1.7586166329100417
12.26796,10.0,6.872280037842952,1.075685903500473,2528.0,4.065846736045412,33.77,-118.12,4.593754685440881
2.6744399999999997,29.0,3.707865168539326,1.1146067415730336,882.0,3.3694382022471907,32.76,-117.09,1.1703710124725188
5.81028,15.0,6.112259970457902,0.9394387001477105,2001.0,5.02466765140325,32.83,-117.09,2.2094483627954022
3.7085999999999997,21.0,4.674634794156707,1.1035856573705178,1486.0,3.354847277556441,36.98,-121.94,2.189670410391784
2.04948,10.0,4.748449345279118,1.1729841488628532,3141.0,3.6800137835975186,33.76,-116.95,0.9095588400235767
3.24312,38.0,3.331269349845201,0.8854489164086687,1535.0,8.078947368421051,34.04,-118.16,1.514977783910844
5.181119999999999,52.0,6.251417769376181,1.0453686200378072,1269.0,4.078071833648393,33.97,-117.39,1.4266802410356794
3.9749999999999996,26.0,5.283168316831683,1.00990099009901,1437.0,4.837425742574257,39.07,-121.7,1.5534875177215504
3.6166799999999997,18.0,6.46875,1.376953125,1251.0,4.1537109375,34.14,-116.15,0.6126429703933732
3.88416,44.0,5.264840182648402,1.08675799086758,657.0,5.1,36.98,-122.02,2.037253575282019
3.7332,5.0,4.44125159642401,1.3167305236270754,3591.0,3.8982758620689655,33.95,-118.37,1.8044370972754156
3.36084,40.0,4.244660194174758,1.0660194174757283,953.0,3.1458252427184465,32.74,-117.25,2.1080991375566938
7.0429200000000005,21.0,6.232142857142857,1.1428571428571428,149.0,4.523214285714285,37.28,-122.12,3.4065637982225834
4.96872,52.0,4.829411764705882,1.0323529411764707,1138.0,5.69,37.71,-122.46,2.606130265111375
3.1837199999999997,29.0,5.1274298056155505,1.2138228941684666,1617.0,5.937149028077753,34.96,-120.44,1.23682127887691
3.5382000000000002,7.0,4.880434782608695,1.0905797101449275,799.0,4.921376811594203,34.07,-117.18,1.024221034622045
2.97324,34.0,5.092503987240829,1.059011164274322,1434.0,3.8880382775119617,34.44,-119.23,1.9778498802519253
2.5125599999999997,16.0,2.74585635359116,1.0828729281767955,800.0,3.7569060773480665,37.8,-122.27,1.5398654060640005
3.6557999999999997,17.0,5.932843651626443,1.1385099685204616,2237.0,3.990451206715635,38.42,-120.72,1.29092951190297
7.3092,28.0,7.25879917184265,1.165631469979296,1362.0,4.793788819875776,34.46,-119.51,4.5921878343561735
3.6615599999999997,15.0,4.756916996047431,1.1640316205533596,1591.0,5.345256916996047,33.8,-118.18,1.620022458463904
3.0023999999999997,33.0,4.686274509803922,0.9895424836601308,1887.0,4.193333333333333,39.51,-121.54,0.9150409248088198
5.25,28.0,6.656742556917688,1.0893169877408055,1654.0,4.924343257443082,37.99,-122.28,2.462361560649003
3.9082799999999995,42.0,4.945273631840796,1.0,1239.0,5.23955223880597,34.08,-118.06,1.8430849649628256
7.69104,14.0,6.528901734104046,0.9855491329479769,1127.0,5.537283236994219,38.15,-122.62,3.646872236485717
3.6119999999999997,21.0,10.553648068669528,2.2532188841201717,584.0,4.260944206008584,39.25,-120.06,1.4542052078960954
2.4807599999999996,27.0,4.039660056657223,1.0311614730878187,792.0,3.8141643059490087,32.76,-117.12,1.195194693220112
10.072199999999999,36.0,7.00479233226837,0.9904153354632588,1549.0,4.206549520766774,37.96,-122.53,5.261862374997154
3.13128,30.0,3.8747553816046967,1.0802348336594911,2264.0,7.531898238747554,34.06,-118.09,1.7673054822272996
4.20972,23.0,6.169603524229075,1.1167400881057268,1318.0,4.935242290748898,40.52,-122.33,1.6498516601303221
3.02148,42.0,4.424242424242424,1.0722610722610724,1503.0,5.955944055944055,33.93,-118.28,1.1976999824626513
5.000039999999999,48.0,5.339160839160839,1.0314685314685315,589.0,3.501048951048951,34.09,-118.27,2.0817884250258105
4.116,46.0,5.438438438438438,1.012012012012012,796.0,4.063663663663664,37.63,-122.42,2.3899032702485203
6.01224,25.0,5.892580287929126,1.070874861572536,1969.0,3.706866002214839,33.78,-118.08,2.5046608141440236
12.23868,17.0,7.474874371859296,0.9321608040201005,1247.0,5.326381909547738,33.62,-117.86,4.78414050693218
5.067239999999999,30.0,5.698060941828255,1.0290858725761773,1994.0,4.695013850415513,38.01,-121.89,1.564618629757802
4.42896,23.0,7.406474820143885,1.2733812949640289,636.0,3.889208633093525,35.4,-120.92,2.0447061242672318
4.194599999999999,15.0,3.7094474153297683,0.946524064171123,1617.0,4.8999999999999995,33.77,-117.99,1.5995230805621674
5.2234799999999995,38.0,6.1547231270358305,1.0,1495.0,4.1392508143322475,32.77,-117.07,1.4671593108832992
5.75772,16.0,6.408536585365853,1.0670731707317074,1003.0,5.198475609756097,33.54,-117.67,2.325487464284187
4.54284,16.0,5.077504725897921,0.9754253308128544,1553.0,4.990737240075614,38.69,-121.34,1.121928913716437
9.04464,28.0,6.683297180043384,0.9978308026030369,1260.0,4.646420824295011,37.34,-122.04,4.574478755775015
0.99024,15.0,5.05,1.35,145.0,6.1625,39.48,-121.57,0.7245208959343333
4.445399999999999,52.0,4.720430107526882,1.0,393.0,3.5919354838709676,37.5,-122.26,2.7114643608295923
3.9311999999999996,27.0,5.750788643533123,1.135646687697161,907.0,4.86403785488959,38.53,-122.82,2.236028495051742
5.57424,45.0,5.689138576779026,0.9850187265917603,681.0,4.335955056179775,33.79,-118.14,2.0464688539060605
4.476,11.0,3.151012891344383,0.9079189686924494,1094.0,3.4250460405156535,37.32,-121.96,2.483002127329416
4.5462,21.0,4.75,1.0555555555555556,1173.0,4.615972222222222,33.82,-118.02,1.822008648573596
16.62672,52.0,8.948148148148148,1.0777777777777777,810.0,5.1,34.05,-118.49,4.871258391960634
4.545599999999999,35.0,5.714025500910747,0.9908925318761385,1312.0,4.062659380692168,38.6,-121.37,1.1376668595506896
2.28876,29.0,5.635593220338983,1.1073446327683616,1261.0,6.055649717514124,37.12,-120.16,0.8373558250959382
5.7874799999999995,10.0,5.4,0.9908045977011494,1598.0,6.245057471264368,32.91,-117.15,2.151001131854906
3.1815599999999997,42.0,5.67420814479638,1.092760180995475,1035.0,3.980769230769231,35.37,-119.03,0.8015278873923766
4.77,18.0,3.9081632653061225,0.9591836734693877,487.0,8.447959183673468,33.8,-117.99,2.0882134964156087
3.9,17.0,5.277777777777778,0.9583333333333334,225.0,5.3125,39.13,-122.95,1.841040032553142
7.8994800000000005,52.0,5.554216867469879,0.9116465863453815,551.0,3.7618473895582327,37.43,-122.14,4.1979450249988215
2.025,42.0,4.322033898305085,0.9661016949152542,590.0,5.666666666666667,33.87,-117.58,0.9162463106344666
4.725,48.0,4.643939393939394,1.0909090909090908,370.0,2.382575757575758,34.08,-118.38,3.695729566762539
5.4919199999999995,18.0,6.088541666666667,0.96875,614.0,5.4364583333333325,38.56,-121.32,1.5080382256994593
5.600039999999999,10.0,6.314168377823409,1.0225872689938398,1368.0,4.775359342915811,37.37,-120.6,1.6552263346538671
5.68848,43.0,5.855140186915888,1.0093457943925233,967.0,3.84088785046729,37.58,-122.37,3.1090842558041687
5.24568,23.0,6.202672605790646,1.042316258351893,1456.0,5.512694877505568,32.7,-117.0,1.6160525609819925
3.38436,8.0,3.3258426966292136,0.9303370786516854,856.0,3.2701123595505615,37.41,-122.09,1.9455162012571294
4.86432,13.0,5.54601226993865,1.030674846625767,2022.0,5.272085889570552,38.34,-121.98,1.5910147789410725
2.41596,33.0,4.5974576271186445,1.0593220338983051,1425.0,5.132415254237288,34.11,-117.23,0.6913940815280544
3.02808,31.0,4.160944206008583,1.0836909871244635,1584.0,5.778540772532188,34.17,-118.36,1.8165142474624572
3.83724,31.0,3.6412213740458017,0.9414758269720102,704.0,3.04529262086514,36.58,-121.9,2.3834384329645553
6.8227199999999995,9.0,9.275720164609053,1.646090534979424,694.0,4.855144032921811,39.36,-120.15,2.2969438343239523
6.38028,10.0,5.769886363636363,1.0142045454545454,867.0,4.1872159090909085,37.66,-122.04,2.6746944259753387
2.8528800000000003,26.0,4.867803837953092,1.0788912579957357,634.0,2.298081023454158,33.6,-117.7,1.846487918368189
6.2676,33.0,5.584126984126984,0.9873015873015873,943.0,5.089206349206349,34.2,-118.57,2.5173732776689692
2.4999599999999997,50.0,4.176315789473684,1.1789473684210525,877.0,3.923421052631579,38.56,-121.48,0.7514450590257107
3.65832,26.0,4.756410256410256,0.9487179487179487,689.0,5.0055555555555555,38.68,-122.04,1.4545485778261835
8.33448,8.0,6.873103448275862,1.04,2510.0,5.8855172413793095,34.29,-118.73,3.9193895834355783
4.2054,30.0,3.791946308724832,1.0738255033557047,932.0,3.544519015659955,37.39,-122.07,2.1431244419683924
0.59988,10.0,6.74,2.04,108.0,3.672,34.69,-116.9,0.7643667588963665
7.648199999999999,8.0,5.339130434782609,1.0260869565217392,278.0,4.109565217391304,38.09,-122.19,2.9123645601606696
5.867999999999999,9.0,7.261061946902655,1.4557522123893805,1720.0,3.234513274336283,33.46,-117.74,3.63941201984069
1.7544,27.0,4.335329341317365,1.0239520958083832,1514.0,3.8529940119760475,34.12,-117.27,0.7846037494888778
4.81548,17.0,4.059233449477352,0.9686411149825784,598.0,3.5421602787456448,37.34,-122.03,2.328842152455961
3.48996,15.0,4.522388059701493,1.0963364993215738,1371.0,3.162415196743555,33.05,-117.27,1.9590688578670479
11.64792,38.0,8.75,1.1,129.0,10.965,34.07,-117.92,2.5993735004362972
4.9664399999999995,4.0,4.470167064439141,1.1849642004773269,1606.0,3.2579952267303103,37.55,-121.96,1.9872425269519596
5.78076,22.0,5.536231884057971,0.9449275362318841,1001.0,4.932463768115942,38.15,-121.74,1.6368204262020343
13.34736,17.0,8.586705202312139,1.0115606936416186,1180.0,5.797687861271676,33.83,-117.8,4.456578259489523
1.76664,4.0,3.769647696476965,1.3712737127371273,727.0,3.349322493224932,34.06,-117.74,0.9197651294282165
4.91052,20.0,5.577608142493639,1.0330788804071247,1766.0,7.639185750636132,32.69,-117.07,1.6388534523988016
2.88996,52.0,6.721739130434782,1.2434782608695651,377.0,5.573043478260869,37.81,-122.28,1.8278975533604835
4.33416,24.0,7.536796536796537,1.251082251082251,564.0,4.15064935064935,38.53,-122.4,1.9370392414334163
1.9071599999999997,17.0,4.244336569579288,1.0663430420711975,1912.0,5.259546925566343,36.07,-119.04,0.4091344147267945
6.00528,38.0,6.0251572327044025,1.2720125786163523,1332.0,3.5603773584905665,33.48,-117.76,3.4573345853566577
5.874960000000001,49.0,3.7540106951871657,0.7647058823529411,458.0,4.163636363636363,34.05,-118.38,2.994761230631603
5.51256,17.0,5.28978978978979,1.0045045045045045,2150.0,5.487987987987988,37.64,-122.46,2.765884996267831
4.85856,33.0,4.902761104441777,1.0768307322929171,1804.0,3.6816326530612242,32.7,-117.17,1.5127190766693566
6.80448,35.0,6.177304964539007,1.00354609929078,812.0,4.895035460992908,33.91,-118.37,3.2299986588821303
3.84624,21.0,4.056049822064057,1.0346975088967971,5124.0,7.749822064056939,37.32,-121.83,1.742194394577142
4.755,36.0,5.070135746606335,0.9886877828054299,989.0,3.8038461538461537,37.29,-121.93,2.1523071245329475
4.8462,52.0,5.053619302949062,1.0750670241286864,764.0,3.4820375335120644,34.17,-118.04,2.020935765646067
4.83,52.0,5.708333333333333,1.0833333333333333,65.0,4.604166666666667,34.08,-118.24,2.276730086859455
7.7199599999999995,16.0,6.198952879581152,1.0034904013961605,2120.0,6.289703315881327,34.02,-117.87,3.179062653488911
3.4886399999999997,8.0,5.389845094664372,1.0735800344234079,6133.0,4.486273666092943,34.54,-117.22,0.7006689690625446
4.93932,34.0,5.46875,1.126953125,1353.0,4.4923828125,37.04,-122.08,2.195420178950769
2.76,23.0,4.305699481865285,0.9766839378238342,1318.0,5.8046632124352335,32.58,-117.1,1.1644502646940662
7.238519999999999,17.0,6.493939393939394,0.9818181818181818,1073.0,5.527575757575757,34.44,-119.92,3.8388104145058852
2.01204,30.0,4.087947882736156,0.9674267100977199,779.0,4.313680781758957,38.05,-122.25,2.102425514138167
10.44708,13.0,7.419354838709677,0.9124423963133641,703.0,5.5073732718894,37.93,-121.91,4.414750343409997
5.79648,39.0,5.523684210526316,1.0447368421052632,1500.0,6.7105263157894735,34.13,-118.13,2.890476543043206
2.0283599999999997,40.0,2.4575936883629192,1.064102564102564,4828.0,4.047140039447732,34.1,-118.31,2.7485178914294286
1.65612,36.0,4.5664160401002505,1.1253132832080202,930.0,3.9624060150375944,40.68,-122.35,0.6548144061659463
1.3499999999999999,31.0,3.7004160887656035,1.1262135922330097,1398.0,3.29625520110957,37.96,-121.3,0.6436224329261465
3.6327599999999998,12.0,4.706422018348624,1.0403669724770641,1785.0,5.5678899082568805,32.58,-117.09,1.2638937611025465
11.73552,20.0,6.678082191780822,0.9178082191780822,324.0,3.772602739726027,37.43,-122.21,4.8465096485928925
4.5214799999999995,39.0,4.517241379310345,1.1544827586206896,1137.0,2.666068965517241,37.81,-122.43,3.420239058977784
3.71724,24.0,4.276084949215143,1.074792243767313,2360.0,3.7045244690674055,34.24,-118.54,1.854490901390975
2.79828,13.0,5.456121343445287,1.1202600216684724,2243.0,4.131202600216684,38.7,-120.79,1.0994088759776868
3.9055199999999997,32.0,5.041121495327102,0.9887850467289719,1417.0,4.502616822429906,38.79,-123.01,1.6748027940001011
2.83128,23.0,5.301818181818182,1.069090909090909,866.0,5.353454545454545,32.81,-115.37,0.7623234418982183
4.64244,11.0,4.663424124513619,1.017509727626459,1566.0,5.179377431906614,32.71,-117.06,1.297783102350531
4.1453999999999995,27.0,5.2889908256880735,0.9785932721712538,1760.0,4.574923547400611,33.94,-116.98,1.139584554437389
4.35996,7.0,7.2434554973821985,1.1073298429319371,1143.0,5.086649214659686,39.11,-121.05,1.7971826048554302
5.28456,33.0,5.975929978118162,1.0415754923413567,3527.0,6.560065645514223,34.0,-117.96,2.2520915512564668
5.97396,15.0,7.083601286173633,1.0032154340836013,1051.0,5.745016077170418,37.99,-121.87,2.286644308895036
3.1397999999999997,52.0,5.174418604651163,1.069767441860465,1145.0,4.526744186046511,37.87,-122.29,2.1651694338656484
5.50716,45.0,5.400611620795107,1.0152905198776758,869.0,4.517737003058104,37.78,-122.2,2.234564555892348
3.5796,45.0,5.633064516129032,1.0201612903225807,555.0,3.8044354838709675,37.72,-122.14,1.7743514551810797
6.263999999999999,18.0,5.967583497053045,1.037328094302554,2571.0,4.293418467583497,34.16,-118.84,2.7737514064062148
4.35,35.0,6.75,1.375,1870.0,7.358796296296295,35.73,-117.73,0.8701374696775742
4.60716,35.0,5.5688775510204085,0.9770408163265306,976.0,4.2326530612244895,37.72,-122.13,1.942388788972545
3.27576,25.0,5.968253968253968,1.0761904761904761,1003.0,5.413015873015873,36.09,-119.08,0.9344035885204838
4.59648,35.0,5.647163120567376,0.9645390070921985,1858.0,5.600354609929077,34.1,-117.89,1.8426090862677706
6.249359999999999,30.0,6.3323170731707314,1.0426829268292683,816.0,4.229268292682927,37.0,-122.03,2.8470037586969767
6.41196,39.0,7.260869565217392,1.0753623188405796,872.0,4.296811594202898,37.93,-122.31,3.1912800701176587
4.211519999999999,31.0,5.64055944055944,1.0,2585.0,6.146153846153846,32.61,-117.05,1.4557365030321503
5.11872,22.0,6.6970740103270225,1.1308089500860585,1727.0,5.0531841652323575,34.4,-119.29,3.1901229574510612
4.579199999999999,7.0,5.658705216844751,1.0930232558139534,4445.0,4.749528598365807,38.8,-121.28,1.6545511266096316
5.082719999999999,21.0,4.75,1.015625,1251.0,3.6921874999999997,33.02,-117.28,2.400922912737135
5.55,33.0,5.89766081871345,1.0818713450292399,949.0,4.717251461988304,38.21,-122.33,2.3863985386494417
6.436439999999999,28.0,6.693486590038314,1.0842911877394636,1391.0,4.53007662835249,34.11,-117.74,3.2020042075259187
7.55652,13.0,6.25,1.0069444444444444,1799.0,5.3095486111111105,34.42,-118.43,3.1422127436383227
4.7951999999999995,25.0,5.643598615916955,1.0173010380622838,1834.0,5.394117647058823,37.68,-121.02,1.2726145728074516
2.5166399999999998,37.0,3.781045751633987,1.0849673202614378,983.0,5.461111111111111,32.67,-117.09,1.0580932935136627
3.42504,44.0,5.269230769230769,1.0631868131868132,1041.0,4.861813186813187,33.99,-118.33,1.4452824685585663
4.7304,47.0,5.379069767441861,1.0069767441860464,947.0,3.743953488372093,37.94,-122.34,1.8001675725784667
3.7855199999999996,34.0,4.669576059850374,1.1945137157107233,1622.0,3.438154613466334,36.98,-121.95,2.131090612007646
5.0249999999999995,13.0,6.296052631578948,1.1151315789473684,930.0,5.200657894736842,33.78,-117.11,1.6894209754876899
4.34772,15.0,4.366741573033708,1.0728089887640448,4992.0,3.814112359550562,34.25,-118.59,1.763750824705116
7.90236,16.0,7.379464285714286,1.0178571428571428,690.0,5.236607142857142,32.91,-117.08,3.2774907039809356
3.675,33.0,4.338028169014085,1.1038732394366197,2932.0,8.775352112676055,34.05,-118.02,1.8076407122833917
2.6999999999999997,36.0,4.023041474654378,1.1059907834101383,1086.0,8.507834101382487,33.89,-118.22,1.3522191074696597
3.68328,44.0,5.385852090032154,1.0192926045016077,806.0,4.405787781350482,37.95,-122.34,1.637360573310792
4.06872,33.0,5.695550351288056,1.0374707259953162,1147.0,4.566510538641686,32.78,-116.95,1.2414657421222788
3.8657999999999997,8.0,6.2686711930164885,1.0620756547041708,3213.0,5.297866149369544,34.45,-117.27,1.1222607593530545
3.68184,43.0,5.340101522842639,0.9974619289340102,1132.0,4.8842639593908626,33.94,-118.31,1.3559612362777795
4.65888,36.0,5.156398104265403,1.09478672985782,617.0,4.971090047393365,33.91,-118.11,1.647855368601605
3.15456,23.0,6.421906693711968,1.4198782961460445,1097.0,3.7827586206896555,35.75,-118.44,0.8500584069878063
3.21348,26.0,5.467871485943775,1.21285140562249,1847.0,6.305020080321285,34.1,-117.74,1.2911141258508518
3.18756,30.0,5.223175965665236,1.0214592274678111,677.0,4.939484978540772,39.49,-121.52,1.041848148680764
5.4333599999999995,32.0,6.133587786259542,0.9656488549618321,778.0,5.048091603053435,32.84,-116.94,1.5711135879734093
4.14996,28.0,4.28125,1.0677083333333333,627.0,5.5515625,33.84,-118.21,1.5866745489866558
4.575,15.0,5.460365853658536,1.0548780487804879,1219.0,6.317987804878048,34.02,-117.61,1.4215972203075695
5.85,18.0,6.028871391076115,1.0918635170603674,1086.0,4.845669291338583,37.5,-122.47,3.1679546453484067
5.57676,36.0,5.482758620689655,1.0094043887147335,855.0,4.556426332288401,33.81,-118.13,1.8609983927814517
3.93336,41.0,4.5,1.0035971223021583,1053.0,6.439208633093525,33.8,-118.21,1.633763444056854
5.68752,52.0,7.098245614035088,1.056140350877193,649.0,3.8712280701754382,32.76,-117.18,3.083250658521208
1.40736,27.0,3.9139240506329114,1.0506329113924051,1704.0,7.333670886075949,36.48,-119.44,0.7872594072914627
3.375,29.0,6.078571428571428,1.075,914.0,5.549285714285714,36.46,-119.69,0.9144602558717702
7.18764,8.0,6.125,0.9435483870967742,711.0,4.8737903225806445,36.85,-119.77,2.069177986122321
6.75048,35.0,5.639810426540285,0.957345971563981,1212.0,4.882464454976303,33.87,-118.32,3.2180893749560373
2.2821599999999997,39.0,4.127906976744186,1.2005813953488371,1911.0,4.721947674418605,34.03,-118.33,1.5764989069851252
3.60516,24.0,16.793296089385475,3.4273743016759775,780.0,3.7039106145251393,39.32,-120.26,1.234918395366384
6.47868,52.0,7.272058823529412,1.0772058823529411,723.0,4.51875,37.89,-122.27,4.037441994618915
4.55628,33.0,5.122112211221122,0.9504950495049505,1326.0,7.43960396039604,34.07,-117.7,1.2818891240691195
4.900799999999999,7.0,9.65879120879121,1.9115384615384616,3581.0,3.34489010989011,33.74,-116.38,1.5059328103663667
4.8,16.0,14.802197802197803,3.5934065934065935,271.0,5.062637362637362,34.22,-117.09,1.6266509742617812
4.36368,19.0,6.465408805031447,1.20125786163522,340.0,3.635220125786163,33.68,-117.95,2.1376834769614086
6.64344,7.0,7.067741935483871,1.0451612903225806,1156.0,6.339354838709677,33.83,-117.53,2.3790587411629542
1.6706400000000001,23.0,5.07624633431085,1.064516129032258,1210.0,6.032258064516129,36.7,-119.79,0.4755478539650192
5.55924,34.0,5.552816901408451,0.9577464788732394,880.0,5.267605633802816,33.93,-117.44,1.4661280198315583
4.425,37.0,4.158249158249158,1.0572390572390573,481.0,2.753198653198653,37.78,-122.44,3.2636246782104568
2.22396,15.0,4.9030955585464335,1.0780619111709286,1784.0,4.081830417227456,41.72,-122.65,0.7983149035646888
4.52808,48.0,5.300829875518672,1.1369294605809128,1285.0,4.532157676348548,37.75,-122.48,3.0004237042637243
5.21496,21.0,5.660433070866142,1.06496062992126,2230.0,3.7312992125984255,34.24,-118.55,2.260231288930364
5.52336,18.0,6.31630648330059,1.1552062868369353,1618.0,5.403929273084479,32.99,-117.09,1.9822740992319539
3.8029199999999994,16.0,3.27437641723356,1.0113378684807257,2329.0,8.978004535147392,33.74,-117.88,1.5370116346120484
3.7891199999999996,47.0,5.333333333333333,1.2435897435897436,419.0,4.56602564102564,34.11,-118.07,1.868992161717436
6.04284,45.0,4.870619946091645,0.9568733153638814,883.0,4.046091644204852,34.0,-118.42,3.206402040438758
5.325,5.0,6.031547320981472,1.0826239359038559,5640.0,4.801201802704056,33.09,-117.1,2.5524985141016856
5.33184,35.0,5.322077922077922,1.0129870129870129,1286.0,5.678441558441558,34.23,-118.43,1.8743807279566833
3.09564,17.0,3.486624203821656,1.105732484076433,2924.0,6.332229299363057,34.21,-118.59,1.7720018828983453
3.72384,19.0,4.521537442014579,1.0,3784.0,4.262955599734924,32.81,-117.18,1.5732539487805959
5.55,21.0,6.507640067911715,1.0101867572156198,1645.0,4.747877758913413,32.76,-116.99,1.7975205033421162
5.063999999999999,33.0,6.278688524590164,1.0368852459016393,1355.0,4.720286885245901,32.81,-117.17,1.6648789115442584
5.9086799999999995,35.0,5.975609756097561,0.9796747967479674,885.0,6.115853658536586,34.12,-117.89,2.458218766165624
9.828,20.0,8.240170031880977,1.0371944739638683,3094.0,5.589585547290117,37.23,-121.89,4.6809231360400565
3.78336,21.0,6.104838709677419,1.010752688172043,1145.0,5.23252688172043,36.13,-119.08,1.127043193285855
3.8095199999999996,22.0,3.665924276169265,1.2628062360801782,1655.0,3.1330734966592426,34.02,-118.42,2.713233906038915
3.4777199999999997,26.0,3.0994318181818183,1.0,1638.0,3.955397727272727,37.31,-121.93,1.8364052539527458
3.65592,11.0,6.534090909090909,1.226010101010101,2144.0,4.602020202020202,38.97,-122.78,1.421011839551652
2.6931599999999998,39.0,3.0448717948717947,0.9615384615384616,1366.0,7.442948717948719,34.35,-119.05,1.6000044330573402
6.19008,37.0,5.37984496124031,1.1085271317829457,547.0,3.6042635658914732,34.16,-118.39,3.006952175039447
4.79556,4.0,6.761377613776138,1.2469249692496924,8824.0,4.61279212792128,33.49,-117.12,2.2515028671662023
5.348039999999999,36.0,5.115384615384615,1.0,1080.0,5.043956043956044,36.95,-122.04,2.2591076168842954
3.0,36.0,5.506666666666667,1.1133333333333333,432.0,4.896,37.65,-120.98,0.9140295186274336
5.0249999999999995,24.0,4.538709677419355,1.0887096774193548,1463.0,4.011451612903226,34.17,-118.46,2.0213201028217522
6.555000000000001,9.0,6.999071494893222,1.0445682451253482,3450.0,5.445682451253481,33.85,-117.4,2.5395580344033797
11.359679999999999,45.0,7.593984962406015,1.0852130325814537,916.0,3.9027568922305766,34.06,-118.47,4.744135847122607
2.76744,34.0,4.4148148148148145,1.1185185185185185,2073.0,6.526111111111111,34.17,-118.14,1.4838468991610785
3.2840399999999996,21.0,4.108389786347056,1.04794163626889,4907.0,4.347003647733194,36.69,-121.65,1.514928935562386
3.27504,24.0,4.393053016453382,1.0786106032906764,2103.0,6.535831809872029,34.0,-118.11,1.6767923460128047
6.09816,35.0,5.188405797101449,0.9681159420289855,1277.0,6.292463768115942,34.22,-118.39,2.2014960309522875
6.13344,4.0,7.366459627329193,1.1211180124223603,1017.0,5.369254658385093,34.49,-117.25,1.9422269833175434
3.6345599999999996,19.0,3.373529411764706,1.0529411764705883,1686.0,4.215,34.15,-118.23,1.5681204535814743
4.28532,32.0,4.707964601769912,1.13653603034134,1912.0,4.109228824273072,34.18,-118.4,1.765397414431894
5.37852,5.0,6.05506329113924,1.0943037974683545,4620.0,4.970886075949367,38.1,-122.2,2.321308991127073
4.42716,52.0,2.9536621823617337,1.0852017937219731,1045.0,2.655455904334828,37.8,-122.43,3.3063727436507766
7.51308,8.0,7.468879668049793,1.020746887966805,1421.0,5.011825726141079,32.77,-116.9,3.0473715715260186
5.21424,49.0,5.642307692307693,0.9961538461538462,688.0,4.498461538461538,34.15,-118.09,2.364184841612153
7.1558399999999995,36.0,5.8986175115207375,1.1059907834101383,704.0,5.515207373271889,33.99,-118.4,3.756905301719098
3.27276,25.0,3.6015452538631347,1.0496688741721854,5917.0,5.551269315673289,37.97,-122.5,3.1234109751808052
3.8192399999999997,43.0,5.515527950310559,1.0559006211180124,514.0,5.427329192546583,34.04,-118.37,1.8890729236640353
2.7057599999999997,35.0,4.631578947368421,1.0671506352087115,1840.0,5.676950998185118,33.92,-117.45,0.9509878348617843
6.971519999999999,52.0,4.953405017921147,0.8243727598566308,708.0,4.3139784946236555,37.76,-122.49,4.0744205555047825
9.95436,11.0,7.471590909090909,0.9289772727272727,1256.0,6.065909090909091,33.66,-117.69,4.0767582490847145
2.42724,20.0,7.552486187845304,1.569060773480663,429.0,4.029281767955801,41.82,-120.48,0.5564998247895163
3.50628,17.0,6.113960113960114,1.1282051282051282,862.0,4.174928774928775,38.73,-120.71,1.3261042272236359
6.19764,5.0,5.942942942942943,0.9984984984984985,2456.0,6.269069069069069,34.04,-117.5,1.8386391426418411
4.04172,31.0,4.826807228915663,1.0948795180722892,1647.0,4.216716867469879,33.93,-118.14,1.6665318775078577
4.95,41.0,3.3666666666666667,0.7666666666666667,85.0,4.816666666666666,34.04,-118.39,1.9858230684029874
5.065919999999999,17.0,5.606080634500992,1.0508922670191672,3362.0,3.7775280898876398,38.51,-121.54,1.5827474081382384
5.25996,6.0,7.562753036437247,1.1700404858299596,750.0,5.161943319838056,33.56,-117.1,2.2241326539186317
3.49128,39.0,4.017045454545454,1.0965909090909092,1991.0,6.410416666666666,33.95,-118.18,1.4683675777734864
5.91672,52.0,6.184426229508197,0.9221311475409836,674.0,4.695901639344262,37.82,-122.24,3.1680971699260105
12.7926,50.0,7.379464285714286,1.125,641.0,4.864732142857143,37.73,-122.47,4.931368327063772
2.9900399999999996,27.0,38.84090909090909,9.272727272727273,97.0,3.7477272727272726,38.94,-119.93,1.5948674903660442
3.04464,21.0,3.6130500758725344,1.0637329286798178,1264.0,3.2606980273141124,36.6,-121.85,1.6788555555504001
2.78568,48.0,4.367901234567901,1.0592592592592593,993.0,4.1681481481481475,34.04,-118.36,1.7167308198208588
4.97724,32.0,4.879098360655738,0.9569672131147541,1264.0,4.4032786885245905,33.79,-118.32,2.207999658931879
4.56816,34.0,4.630996309963099,0.9870848708487084,1516.0,4.754981549815498,34.22,-118.25,1.7973209749986865
3.4499999999999997,37.0,4.976119402985074,1.0805970149253732,971.0,4.927462686567164,35.37,-118.94,0.8896459632046514
8.571,18.0,6.75632183908046,1.0045977011494254,1278.0,4.9944827586206895,33.89,-117.98,3.6058223761652792
5.572439999999999,19.0,6.095833333333333,0.9916666666666667,1349.0,4.777708333333333,38.65,-121.23,1.5018860330208035
5.36784,16.0,6.0,1.0613496932515338,862.0,4.495092024539877,33.5,-117.66,2.036863345020509
2.4771599999999996,33.0,4.7897727272727275,1.0525568181818181,2352.0,5.679545454545455,35.37,-118.94,0.6130484564134674
5.82192,52.0,5.350961538461538,0.9254807692307693,1177.0,4.809855769230769,37.75,-122.49,3.45857858459615
0.59988,23.0,6.054545454545455,1.6727272727272726,198.0,6.12,36.09,-119.99,0.9393274850244763
2.06568,11.0,19.96212121212121,5.053030303030303,280.0,3.606060606060606,40.65,-120.77,1.0051920073400444
11.717519999999999,23.0,4.975609756097561,0.975609756097561,117.0,4.851219512195121,34.08,-118.69,4.647414610007225
3.49344,19.0,3.6590296495956873,1.0734501347708896,2496.0,2.859299191374663,32.75,-117.16,1.9684704361138046
8.992799999999999,22.0,7.6008359456635315,1.0470219435736676,2468.0,4.384117032392894,37.99,-122.47,5.054281366080432
4.725,28.0,4.907834101382488,0.9907834101382489,887.0,6.948847926267281,33.74,-118.3,2.0820666319995325
6.04152,2.0,8.813167259786477,1.3078291814946619,1791.0,5.4176156583629895,38.36,-121.94,2.6226120503918335
1.7346,35.0,4.9621380846325165,1.0601336302895323,1567.0,5.9329621380846325,36.21,-119.37,0.4598688043796672
3.80712,29.0,4.190692395005676,1.0998864926220204,2683.0,5.177185017026107,33.79,-117.92,1.6155557740785953
6.1224,15.0,6.534988713318285,1.1241534988713318,1164.0,4.466817155756208,32.85,-117.19,2.9218893132526698
2.52696,41.0,4.481632653061224,1.0775510204081633,1178.0,8.173877551020407,34.05,-118.19,1.4904411388082306
2.75712,25.0,4.976923076923077,1.2230769230769232,1000.0,4.3589743589743595,41.8,-123.38,1.1463606520960719
3.9019199999999996,16.0,5.064777327935222,1.0769230769230769,1211.0,4.167408906882591,32.86,-116.84,1.335898941376766
3.95004,52.0,5.564245810055866,0.9636871508379888,948.0,4.5016759776536315,33.96,-117.39,1.1791298626596176
1.92,43.0,3.324324324324324,0.963963963963964,371.0,5.681981981981982,37.94,-122.36,1.4693528698055567
1.9208399999999999,21.0,3.6454918032786887,0.9549180327868853,1327.0,4.622745901639345,32.59,-117.07,0.8515068493956003
4.0872,13.0,5.023372287145242,1.0578742348358374,4870.0,4.6071229827490265,35.33,-119.07,1.143197011173035
6.20292,38.0,6.854497354497354,1.1216931216931216,905.0,4.07010582010582,37.91,-122.29,2.7238140638911337
4.92852,29.0,4.871254162042176,0.9689234184239733,2069.0,3.90377358490566,33.79,-118.33,2.3490114969037097
2.3062799999999997,31.0,3.871401151631478,1.0863723608445297,2063.0,6.73147792706334,33.97,-118.28,1.366436903662843
4.2318,11.0,5.285115303983228,1.0922431865828093,1390.0,4.953878406708595,38.8,-121.22,1.364453123857105
3.6471599999999995,17.0,4.235802469135803,1.1530864197530863,2365.0,4.963580246913581,33.96,-118.36,1.6613921679132264
2.22,49.0,5.096153846153846,1.1610576923076923,1522.0,6.219711538461539,34.02,-118.3,1.096942268296655
3.9,17.0,4.829351535836177,0.9112627986348123,861.0,4.995563139931741,36.8,-119.71,0.8941552949927393
4.84692,15.0,6.297709923664122,0.9923664122137404,334.0,4.334351145038168,32.72,-116.99,1.5987703105465059
2.562,27.0,3.8853046594982077,1.028673835125448,1085.0,6.611111111111111,34.03,-118.29,1.3633343997247849
4.245,38.0,5.840425531914893,1.1170212765957446,275.0,4.973404255319149,39.68,-121.84,0.9259369053502075
5.21256,33.0,6.180769230769231,1.0846153846153845,608.0,3.9753846153846153,34.15,-117.3,1.2856831823376313
4.365,25.0,4.2387543252595155,1.069204152249135,1054.0,3.0999999999999996,34.16,-118.37,2.1551028854501473
9.65376,35.0,7.672176308539945,0.9972451790633609,1001.0,4.687878787878788,37.88,-122.12,4.581198086491077
4.40736,25.0,2.671201814058957,1.2358276643990929,592.0,2.2820861678004536,37.81,-122.41,3.13088900698149
3.8062799999999997,32.0,6.208154506437769,1.0321888412017168,1198.0,4.370386266094421,37.05,-120.85,1.5028408331985554
4.76004,25.0,5.008988764044944,1.0359550561797752,2998.0,5.726516853932584,37.53,-122.04,2.124241882074822
2.87304,32.0,4.89748201438849,1.14568345323741,1549.0,4.7361510791366905,38.58,-122.58,1.9345580697875309
1.91664,24.0,5.438502673796791,1.213903743315508,568.0,5.163636363636364,34.07,-117.47,0.9499132073785459
9.10776,25.0,7.940119760479042,1.0029940119760479,1062.0,5.405389221556886,37.93,-122.01,4.554518998569819
5.785679999999999,34.0,5.575242718446602,1.016990291262136,909.0,3.7507281553398055,34.16,-118.06,2.5694300807624524
8.84172,38.0,6.815789473684211,0.9924812030075187,1350.0,4.31390977443609,37.43,-122.2,5.008074574259495
8.46552,16.0,7.425925925925926,0.9851851851851852,827.0,5.207037037037037,32.91,-117.09,3.2899071197344125
3.6428399999999996,23.0,4.470219435736677,0.9811912225705329,954.0,5.084012539184952,34.09,-117.66,1.0538874146142811
6.681959999999999,19.0,5.2875,1.0770833333333334,2021.0,3.578854166666666,34.14,-118.39,3.2111637614546735
4.187519999999999,24.0,4.703216374269005,1.0073099415204678,1196.0,2.9725146198830408,37.4,-121.99,2.2958327153620557
2.4461999999999997,47.0,5.017543859649122,0.9941520467836257,365.0,3.6286549707602336,34.17,-118.35,1.6473601567663827
4.0806,34.0,5.099773242630386,1.0430839002267573,1544.0,5.951927437641723,34.1,-118.0,1.6396119801191882
5.77056,32.0,5.285546415981199,1.0129259694477086,1818.0,3.6317273795534666,37.9,-122.05,2.1692617510762604
6.076079999999999,52.0,4.732558139534884,0.986046511627907,1193.0,4.716511627906977,37.73,-122.45,3.3814704745033506
2.57208,20.0,5.755952380952381,1.1220238095238095,1341.0,6.784821428571428,35.87,-119.3,0.8772723971263756
1.62324,41.0,3.7114093959731544,1.0425055928411633,1391.0,5.290156599552573,36.75,-119.8,0.4513089175808751
4.30536,43.0,4.634228187919463,0.9328859060402684,1494.0,8.522818791946309,33.91,-118.2,1.5378799948385151
8.70516,52.0,6.676375404530744,1.035598705501618,774.0,4.258252427184466,37.44,-122.15,4.437877058666283
2.60628,27.0,3.8298755186721993,1.0560165975103735,1078.0,3.8020746887966803,32.62,-117.11,1.1119133149761145
5.86248,17.0,6.74296205630355,1.0599755201958385,2748.0,5.717992656058751,32.96,-116.99,2.4376789393417257
3.76476,52.0,4.627450980392157,1.1200980392156863,830.0,3.458333333333333,38.05,-122.16,1.2688762403739833
4.3125599999999995,35.0,5.951742627345845,1.0402144772117963,906.0,4.129222520107239,35.38,-118.95,0.9600655621064618
1.89372,31.0,4.569739952718676,1.1300236406619386,1522.0,6.116784869976359,34.02,-118.3,1.3625216975319638
2.46924,12.0,6.372727272727273,1.1818181818181819,434.0,6.707272727272727,33.79,-116.89,1.2842111426262037
1.5391199999999998,48.0,2.3865546218487395,0.8739495798319328,422.0,6.0285714285714285,33.96,-118.21,1.2606610821531035
2.58636,26.0,4.463119709794437,0.9987908101571947,2072.0,4.259250302297461,35.33,-119.02,0.6369275482604771
3.16116,14.0,4.696308724832215,1.0369127516778522,2294.0,6.543288590604027,37.73,-120.93,1.1237877411962411
3.19896,29.0,4.961605584642234,1.0523560209424083,1517.0,4.500698080279232,34.58,-118.1,1.1918791514810037
8.74716,32.0,6.009779951100245,0.8777506112469438,967.0,4.019315403422983,33.88,-117.93,3.8317909232601273
4.01364,21.0,5.268729641693811,1.0553745928338762,1820.0,5.039087947882736,36.79,-119.84,1.0630727236794169
6.09336,16.0,6.274356103023516,1.0503919372900337,3045.0,5.796752519596865,33.86,-118.06,2.675973107179724
5.21664,22.0,5.392513368983957,1.041711229946524,2260.0,4.1090909090909085,33.74,-118.31,2.6039063554553126
2.78028,28.0,3.6804733727810652,1.0562130177514792,2891.0,7.27026627218935,33.72,-116.21,1.0093926682088823
5.3232,7.0,6.360294117647059,1.0546218487394958,3031.0,5.4125,32.69,-117.02,1.885802510089741
4.85352,40.0,5.608391608391608,1.0419580419580419,445.0,5.29020979020979,37.37,-121.82,2.100401043999943
7.9692,2.0,5.483050847457627,1.152542372881356,203.0,2.924576271186441,37.91,-122.51,3.9222787171579903
2.79,35.0,3.163265306122449,1.0426716141001855,2212.0,6.976623376623376,33.98,-118.21,1.5009985287245082
6.7578,34.0,4.5405982905982905,1.064102564102564,1052.0,3.821367521367521,33.62,-117.93,3.706575583079166
7.61208,52.0,6.947890818858561,1.0198511166253101,1061.0,4.4756823821339955,37.85,-122.23,3.77473659781476
7.4515199999999995,14.0,5.365079365079365,0.9365079365079365,384.0,5.18095238095238,33.18,-117.28,2.5115983131871693
3.6414,38.0,4.027681660899654,0.9826989619377162,632.0,3.7176470588235295,37.71,-122.12,1.491985573947545
3.1720800000000002,20.0,4.4049180327868855,1.044262295081967,2154.0,6.002950819672131,36.92,-121.76,1.7033366632111726
1.9148399999999999,18.0,6.327586206896552,1.5593869731800767,986.0,3.211111111111111,35.7,-118.5,0.5393949947738482
2.09352,23.0,3.7764227642276422,1.1199186991869918,1506.0,5.203658536585365,32.75,-117.1,0.9643857703702599
4.69092,19.0,3.557377049180328,0.9442622950819672,1009.0,5.623934426229508,37.4,-122.1,2.2076013342286323
4.6760399999999995,12.0,5.967171717171717,1.0303030303030303,1211.0,5.198737373737373,33.14,-117.12,1.6848418264109313
5.8333200000000005,39.0,5.259803921568627,1.0098039215686274,556.0,4.633333333333334,33.92,-118.37,2.4346279828990034
5.290919999999999,37.0,5.4171597633136095,1.0532544378698225,925.0,4.652366863905325,33.93,-118.33,1.7313481353395057
3.26544,40.0,4.691312384473198,1.0425138632162663,2170.0,6.818853974121995,33.89,-118.2,1.4321119474589459
3.23508,21.0,3.757617728531856,1.0124653739612188,1952.0,4.59612188365651,33.78,-117.86,1.5226931043593313
2.87148,52.0,4.4714285714285715,1.0678571428571428,844.0,5.124285714285714,37.8,-122.23,1.8095147803667044
3.2676,20.0,6.496969696969697,1.1954545454545455,1800.0,4.636363636363636,41.48,-122.93,1.3044524384185336
1.94232,17.0,4.320441988950276,1.0939226519337018,713.0,3.3483425414364643,36.19,-119.1,0.4850736239471294
4.211519999999999,23.0,3.9393305439330546,1.0711297071129706,774.0,2.7527196652719668,34.14,-118.37,2.5678867459580568
5.30628,34.0,5.850220264317181,1.0748898678414096,795.0,5.95374449339207,34.4,-118.98,2.1629222382498674
3.2279999999999998,20.0,5.6438127090301,1.0535117056856187,1505.0,4.278428093645485,37.64,-120.82,1.2146073719749755
6.55248,24.0,5.83289817232376,0.9738903394255874,1325.0,5.881201044386423,34.26,-118.75,2.4924679977037467
4.790039999999999,35.0,4.6091370558375635,0.9847715736040609,413.0,3.5639593908629443,37.96,-122.53,2.4000151838633785
3.77268,40.0,5.102836879432624,1.049645390070922,1444.0,4.352482269503546,36.67,-121.66,1.6964846692522144
5.08932,45.0,5.561594202898551,0.9927536231884058,591.0,3.640217391304348,33.83,-118.18,1.9610212373217162
2.49804,40.0,4.565683646112601,0.9705093833780161,1208.0,5.505630026809651,37.95,-121.25,0.6649518675826731
6.389399999999999,8.0,5.987373737373737,0.946969696969697,1094.0,4.696464646464646,38.0,-121.78,2.359696694218921
2.56968,46.0,2.8577319587628867,0.9422680412371134,1845.0,6.46701030927835,34.05,-118.3,1.8172158330556958
7.27452,20.0,6.512195121951219,1.018970189701897,1149.0,5.293495934959349,37.06,-122.0,3.6652830663583376
6.01272,33.0,4.290010741138561,1.0633727175080558,1647.0,3.0074113856068743,33.81,-118.44,3.432228489208586
4.09044,45.0,4.67948717948718,1.0128205128205128,672.0,4.882051282051282,34.15,-118.07,1.9170137763066395
5.58756,45.0,5.986784140969163,0.9933920704845814,1106.0,4.141409691629956,37.79,-122.19,1.9642556471879185
18.00012,27.0,7.651923076923077,0.9807692307692307,1351.0,4.416730769230769,34.1,-118.4,4.838367355229079
4.44372,17.0,5.945619335347432,1.0996978851963746,996.0,5.115407854984894,38.69,-121.34,1.4312966049088531
8.706479999999999,16.0,7.577154308617234,1.0100200400801602,1665.0,5.6723446893787575,33.85,-117.78,3.6435274548983534
2.4,17.0,7.289156626506024,1.9156626506024097,416.0,8.520481927710843,37.31,-120.35,1.1344691503895228
2.6312399999999996,29.0,2.9446460980036298,1.0798548094373865,3906.0,6.025589836660617,34.09,-118.3,1.8294023825901782
7.005839999999999,30.0,7.425714285714286,1.0457142857142858,922.0,4.478285714285715,37.72,-122.1,3.518551717094246
4.86252,35.0,5.7531380753138075,1.0418410041841004,1015.0,7.219665271966527,34.03,-117.94,1.856511888717334
4.9037999999999995,30.0,5.132743362831858,0.9911504424778761,1434.0,5.393362831858407,33.85,-118.03,1.795004068122212
1.73772,25.0,3.4057377049180326,0.9426229508196722,947.0,6.597950819672131,36.62,-119.31,0.702261550877846
3.1044,33.0,5.549333333333333,1.0906666666666667,1008.0,4.5696,34.07,-117.66,1.102887344183105
4.40172,34.0,5.326760563380281,0.9098591549295775,966.0,4.625915492957747,36.79,-119.71,0.7888150023497225
2.1443999999999996,14.0,4.168784029038113,1.0399274047186933,1637.0,5.050635208711434,40.15,-122.23,1.5883579731618052
5.11872,13.0,5.793851717902351,0.9828209764918626,3294.0,5.063110307414105,39.12,-121.64,1.7164687836976964
3.0268800000000002,39.0,4.110970996216897,1.0353089533417403,3130.0,6.709962168978562,36.67,-121.61,1.336735561968802
2.6080799999999997,34.0,4.6223776223776225,1.020979020979021,742.0,8.82097902097902,33.91,-118.23,1.2097980246658542
4.32636,34.0,6.029227557411273,1.0354906054279749,1168.0,4.145302713987474,38.61,-121.38,1.1626184315284378
4.51872,7.0,6.156937799043062,1.1492822966507177,2733.0,4.446028708133971,36.86,-119.8,1.2243944018512285
6.44016,27.0,6.702898550724638,1.0289855072463767,1793.0,5.521920289855072,33.92,-117.98,3.086351727682271
5.97228,14.0,5.389048991354467,1.0028818443804035,1214.0,5.947550432276657,37.3,-121.81,2.3202199413959015
4.11492,6.0,4.8041575492341355,1.0656455142231946,1982.0,3.686433260393873,38.61,-121.49,1.2543318531119163
5.385,52.0,5.210016155088853,1.0775444264943457,1494.0,4.103069466882068,37.77,-122.44,3.0511506842056537
2.46744,41.0,4.536656891495602,1.217008797653959,1024.0,5.104985337243401,37.77,-122.2,1.8368614481300016
3.7729199999999996,33.0,4.827285921625545,1.0449927431059507,2533.0,6.249782293178519,33.9,-118.09,1.5824379774512867
2.85744,21.0,3.725,1.075,686.0,2.9155,33.88,-118.31,2.1206027431143917
1.9765199999999998,52.0,2.8333333333333335,0.927536231884058,520.0,6.405797101449275,37.77,-122.22,1.7813622731714596
3.4135199999999997,18.0,5.131212723658051,0.9920477137176938,1375.0,4.647117296222664,40.72,-124.14,1.357805927435321
4.05,15.0,5.3426573426573425,1.013986013986014,366.0,4.351048951048951,38.78,-122.59,1.5341724904516862
4.28076,47.0,5.543766578249337,1.026525198938992,1053.0,4.748275862068965,38.23,-122.7,2.4115999581118013
4.67148,35.0,6.362745098039215,1.1568627450980393,632.0,5.266666666666667,37.62,-122.03,2.1422963618398545
9.96168,21.0,6.238137082601054,0.9718804920913884,2401.0,3.586731107205624,37.86,-122.22,4.3071240008052865
5.566679999999999,34.0,4.736111111111111,0.9166666666666666,491.0,5.7965277777777775,33.91,-118.12,1.7678023254985877
4.5,29.0,5.318840579710145,1.1231884057971016,1390.0,8.56159420289855,34.04,-117.98,1.713545777051124
1.37616,39.0,4.123015873015873,1.1130952380952381,1901.0,6.412103174603175,33.94,-118.27,1.0034793664974888
5.145,30.0,8.119205298013245,1.3576158940397351,380.0,4.2781456953642385,32.96,-117.3,3.0588001285113955
6.234,23.0,6.182389937106918,0.9916142557651991,1671.0,5.955345911949685,33.86,-117.6,1.9870863576136637
6.288,52.0,5.081018518518518,1.0069444444444444,884.0,3.4787037037037036,34.07,-118.37,3.351859447402258
4.33932,28.0,4.4475524475524475,1.1818181818181819,788.0,9.367832167832168,33.8,-118.24,1.624330934536219
3.20688,28.0,4.131656804733728,1.044378698224852,1825.0,4.589497041420119,32.59,-117.12,1.1927552597253797
3.90996,32.0,5.226221079691516,1.012853470437018,989.0,4.322107969151671,32.84,-117.2,1.4395608252735104
